{"stats":{"minecraft:picked_up":{"minecraft:bone":2,"minecraft:arrow":2,"minecraft:blue_terracotta":1,"minecraft:rotten_flesh":4,"minecraft:wheat_seeds":3,"minecraft:iron_block":1,"pfm:furniture_book":1},"minecraft:killed":{"minecraft:skeleton":2,"minecraft:zombie_villager":1,"minecraft:creeper":1},"minecraft:dropped":{"minecraft:iron_block":1,"minecraft:blue_terracotta":1,"minecraft:wheat_seeds":2,"minecraft:rotten_flesh":2,"pfm:furniture_book":1},"minecraft:used":{"minecraft:purple_stained_glass":4,"securitycraft:secret_crimson_sign_item":1,"minecraft:oak_log":6,"minecraft:sticky_piston":12,"pfm:spruce_gray_simple_bed":77,"minecraft:lever":3,"minecraft:netherite_sword":11,"minecraft:blue_terracotta":311,"minecraft:sea_lantern":26,"minecraft:command_block":2,"minecraft:iron_block":1914,"minecraft:grass_block":117,"minecraft:redstone":68,"minecraft:light_blue_terracotta":1,"minecraft:red_terracotta":192,"minecraft:stone":168,"securitycraft:keypad_door_item":30,"minecraft:beacon":2,"securitycraft:scanner_door_item":2,"minecraft:stone_bricks":770,"minecraft:repeater":6,"minecraft:diamond_block":19,"minecraft:lime_terracotta":64,"minecraft:purple_bed":26,"minecraft:gold_block":116,"minecraft:polished_blackstone_button":1,"minecraft:milk_bucket":1},"minecraft:custom":{"minecraft:time_since_rest":211400,"minecraft:sprint_one_cm":164874,"minecraft:walk_one_cm":441199,"minecraft:mob_kills":4,"minecraft:drop":7,"minecraft:damage_dealt":819,"minecraft:swim_one_cm":19485,"minecraft:fly_one_cm":2985378,"minecraft:play_one_minute":211400,"minecraft:crouch_one_cm":327,"minecraft:sneak_time":1757,"minecraft:walk_under_water_one_cm":22194,"minecraft:jump":1656,"minecraft:leave_game":4,"minecraft:walk_on_water_one_cm":5619,"minecraft:time_since_death":211400,"minecraft:fall_one_cm":627}},"DataVersion":2586}