{"stats":{"minecraft:picked_up":{"minecraft:wooden_axe":1,"minecraft:bone":2,"minecraft:arrow":2,"minecraft:blue_terracotta":1,"minecraft:rotten_flesh":4,"minecraft:wheat_seeds":3,"minecraft:iron_block":1,"minecraft:white_concrete":1,"pfm:furniture_book":1},"minecraft:custom":{"minecraft:time_since_rest":533715,"minecraft:sprint_one_cm":334396,"minecraft:walk_one_cm":791173,"minecraft:mob_kills":4,"minecraft:drop":9,"minecraft:damage_dealt":819,"minecraft:swim_one_cm":20782,"minecraft:fly_one_cm":5650937,"minecraft:crouch_one_cm":692,"minecraft:play_one_minute":533715,"minecraft:sneak_time":3987,"minecraft:walk_under_water_one_cm":67138,"minecraft:jump":3449,"minecraft:leave_game":7,"minecraft:walk_on_water_one_cm":14111,"minecraft:time_since_death":533715,"minecraft:fall_one_cm":627},"minecraft:killed":{"minecraft:skeleton":2,"minecraft:zombie_villager":1,"minecraft:creeper":1},"minecraft:used":{"minecraft:oak_log":6,"securitycraft:secret_crimson_sign_item":1,"minecraft:sticky_piston":20,"minecraft:lever":7,"pfm:spruce_gray_simple_bed":77,"minecraft:netherite_sword":11,"minecraft:blue_terracotta":311,"minecraft:sea_lantern":26,"minecraft:black_concrete":32,"minecraft:command_block":2,"minecraft:iron_block":2313,"minecraft:grass_block":117,"minecraft:redstone":99,"minecraft:light_blue_terracotta":3,"minecraft:red_terracotta":1511,"minecraft:stone":168,"securitycraft:keypad_door_item":30,"minecraft:beacon":2,"minecraft:quartz_stairs":106,"securitycraft:scanner_door_item":2,"minecraft:stone_bricks":866,"minecraft:repeater":10,"minecraft:diamond_block":19,"minecraft:lime_terracotta":64,"minecraft:purple_bed":26,"minecraft:white_stained_glass":95,"minecraft:gold_block":116,"minecraft:polished_blackstone_button":1,"minecraft:white_concrete":2002,"minecraft:milk_bucket":1,"minecraft:purple_stained_glass":4},"minecraft:dropped":{"minecraft:iron_block":1,"minecraft:blue_terracotta":1,"minecraft:wheat_seeds":2,"minecraft:wooden_axe":1,"minecraft:white_concrete":1,"minecraft:rotten_flesh":2,"pfm:furniture_book":1}},"DataVersion":2586}