{"stats":{"minecraft:custom":{"minecraft:time_since_rest":560471,"minecraft:sprint_one_cm":413573,"minecraft:walk_one_cm":865755,"minecraft:mob_kills":4,"minecraft:drop":9,"minecraft:damage_dealt":819,"minecraft:swim_one_cm":20782,"minecraft:fly_one_cm":6188362,"minecraft:crouch_one_cm":692,"minecraft:play_one_minute":560471,"minecraft:sneak_time":4135,"minecraft:walk_under_water_one_cm":68490,"minecraft:jump":3760,"minecraft:leave_game":8,"minecraft:walk_on_water_one_cm":14502,"minecraft:time_since_death":560471,"minecraft:fall_one_cm":627},"minecraft:picked_up":{"minecraft:wooden_axe":1,"minecraft:blue_terracotta":1,"minecraft:bone":2,"minecraft:arrow":2,"minecraft:rotten_flesh":4,"minecraft:wheat_seeds":3,"minecraft:iron_block":1,"minecraft:white_concrete":1,"pfm:furniture_book":1},"minecraft:dropped":{"minecraft:iron_block":1,"minecraft:blue_terracotta":1,"minecraft:wheat_seeds":2,"minecraft:wooden_axe":1,"minecraft:white_concrete":1,"minecraft:rotten_flesh":2,"pfm:furniture_book":1},"minecraft:killed":{"minecraft:skeleton":2,"minecraft:zombie_villager":1,"minecraft:creeper":1},"minecraft:used":{"minecraft:oak_log":14,"securitycraft:secret_crimson_sign_item":1,"minecraft:sticky_piston":28,"minecraft:lever":12,"pfm:spruce_gray_simple_bed":77,"minecraft:netherite_sword":11,"minecraft:blue_terracotta":314,"minecraft:sea_lantern":26,"minecraft:black_concrete":32,"minecraft:command_block":2,"minecraft:iron_block":2316,"minecraft:grass_block":117,"minecraft:redstone":148,"minecraft:light_blue_terracotta":5,"minecraft:stone":168,"minecraft:red_terracotta":1511,"securitycraft:keypad_door_item":30,"minecraft:beacon":2,"minecraft:quartz_stairs":106,"securitycraft:scanner_door_item":2,"minecraft:stone_bricks":866,"minecraft:repeater":16,"minecraft:diamond_block":19,"minecraft:lime_terracotta":64,"minecraft:purple_bed":26,"minecraft:white_stained_glass":95,"minecraft:gold_block":116,"minecraft:polished_blackstone_button":1,"minecraft:white_concrete":2163,"minecraft:milk_bucket":1,"minecraft:purple_stained_glass":4}},"DataVersion":2586}