{"stats":{"minecraft:custom":{"minecraft:time_since_rest":109048,"minecraft:crouch_one_cm":287,"minecraft:play_one_minute":109048,"minecraft:sprint_one_cm":86402,"minecraft:walk_one_cm":237552,"minecraft:sneak_time":756,"minecraft:mob_kills":4,"minecraft:drop":6,"minecraft:jump":688,"minecraft:damage_dealt":819,"minecraft:leave_game":3,"minecraft:walk_on_water_one_cm":69,"minecraft:time_since_death":109048,"minecraft:fall_one_cm":627,"minecraft:fly_one_cm":1362768},"minecraft:dropped":{"minecraft:rotten_flesh":2,"minecraft:blue_terracotta":1,"pfm:furniture_book":1,"minecraft:wheat_seeds":2},"minecraft:killed":{"minecraft:skeleton":2,"minecraft:zombie_villager":1,"minecraft:creeper":1},"minecraft:picked_up":{"minecraft:blue_terracotta":1,"minecraft:arrow":2,"minecraft:rotten_flesh":4,"minecraft:wheat_seeds":3,"pfm:furniture_book":1,"minecraft:bone":2},"minecraft:used":{"minecraft:blue_terracotta":282,"minecraft:repeater":6,"securitycraft:secret_crimson_sign_item":1,"minecraft:sea_lantern":26,"minecraft:lever":3,"minecraft:command_block":2,"minecraft:purple_bed":26,"minecraft:iron_block":1390,"minecraft:grass_block":115,"minecraft:redstone":68,"minecraft:polished_blackstone_button":1,"securitycraft:keypad_door_item":30,"minecraft:beacon":2,"minecraft:diamond_block":19,"minecraft:stone_bricks":112,"minecraft:milk_bucket":1,"minecraft:netherite_sword":11,"securitycraft:scanner_door_item":2,"minecraft:sticky_piston":10}},"DataVersion":2586}