{"stats":{"minecraft:custom":{"minecraft:time_since_rest":70420,"minecraft:sprint_one_cm":524465,"minecraft:damage_taken":2112,"minecraft:walk_one_cm":1045727,"minecraft:mob_kills":4,"minecraft:drop":71,"minecraft:damage_dealt":1056,"minecraft:swim_one_cm":24187,"minecraft:fly_one_cm":8838513,"minecraft:play_one_minute":719786,"minecraft:crouch_one_cm":1420,"minecraft:deaths":3,"minecraft:sneak_time":6531,"minecraft:walk_under_water_one_cm":76457,"minecraft:jump":4791,"minecraft:leave_game":17,"minecraft:walk_on_water_one_cm":19424,"minecraft:time_since_death":70089,"minecraft:fall_one_cm":19483},"minecraft:killed_by":{"minecraft:player":2},"minecraft:picked_up":{"minecraft:wooden_axe":1,"minecraft:cake":1,"minecraft:cookie":56,"minecraft:blue_terracotta":1,"minecraft:arrow":2,"minecraft:iron_shovel":1,"minecraft:bone":2,"minecraft:rotten_flesh":4,"minecraft:wheat_seeds":3,"minecraft:iron_block":1,"minecraft:white_concrete":1,"pfm:furniture_book":1},"minecraft:dropped":{"minecraft:iron_block":1,"minecraft:blue_terracotta":1,"minecraft:wheat_seeds":2,"minecraft:wooden_axe":3,"minecraft:quartz_stairs":1,"minecraft:cake":1,"minecraft:white_concrete":1,"minecraft:cookie":56,"minecraft:rotten_flesh":2,"pfm:furniture_book":1,"minecraft:golden_shovel":1,"minecraft:iron_shovel":1},"minecraft:killed":{"minecraft:skeleton":2,"minecraft:zombie_villager":1,"minecraft:creeper":1},"minecraft:used":{"minecraft:oak_log":14,"securitycraft:secret_crimson_sign_item":1,"minecraft:sticky_piston":28,"minecraft:dark_oak_planks":10,"pfm:spruce_gray_simple_bed":77,"minecraft:lever":12,"minecraft:blue_terracotta":335,"minecraft:sea_lantern":26,"minecraft:black_concrete":169,"minecraft:command_block":2,"minecraft:iron_block":2576,"minecraft:grass_block":118,"minecraft:redstone":148,"minecraft:quartz_block":166,"minecraft:light_blue_terracotta":46,"minecraft:chest":4,"minecraft:stone":168,"minecraft:red_terracotta":1511,"securitycraft:keypad_door_item":30,"minecraft:beacon":2,"minecraft:quartz_stairs":116,"securitycraft:scanner_door_item":2,"minecraft:stone_bricks":923,"minecraft:repeater":16,"minecraft:purple_concrete":714,"minecraft:diamond_block":19,"minecraft:lime_terracotta":64,"minecraft:purple_bed":26,"minecraft:white_stained_glass":97,"minecraft:birch_sign":4,"minecraft:gold_block":116,"minecraft:polished_blackstone_button":1,"minecraft:white_concrete":2206,"minecraft:spruce_log":19,"minecraft:milk_bucket":1,"minecraft:netherite_sword":12,"minecraft:purple_stained_glass":4}},"DataVersion":2586}