{"stats":{"minecraft:dropped":{"minecraft:rotten_flesh":2,"minecraft:blue_terracotta":1,"pfm:furniture_book":1,"minecraft:wheat_seeds":2},"minecraft:killed":{"minecraft:skeleton":1},"minecraft:picked_up":{"minecraft:blue_terracotta":1,"minecraft:rotten_flesh":2,"minecraft:wheat_seeds":2,"minecraft:arrow":2},"minecraft:used":{"minecraft:netherite_sword":3,"minecraft:stone_bricks":112,"minecraft:sticky_piston":10,"minecraft:repeater":6,"minecraft:lever":3,"minecraft:blue_terracotta":264,"minecraft:sea_lantern":26,"minecraft:purple_bed":26,"minecraft:iron_block":904,"minecraft:grass_block":115,"minecraft:redstone":68,"securitycraft:keypad_door_item":30,"securitycraft:secret_crimson_sign_item":1},"minecraft:custom":{"minecraft:time_since_rest":77775,"minecraft:play_one_minute":77775,"minecraft:crouch_one_cm":219,"minecraft:sprint_one_cm":50485,"minecraft:walk_one_cm":180387,"minecraft:sneak_time":660,"minecraft:mob_kills":1,"minecraft:drop":6,"minecraft:jump":451,"minecraft:damage_dealt":200,"minecraft:leave_game":2,"minecraft:walk_on_water_one_cm":69,"minecraft:time_since_death":77775,"minecraft:fall_one_cm":627,"minecraft:fly_one_cm":871709}},"DataVersion":2586}