{"stats":{"minecraft:dropped":{"minecraft:rotten_flesh":2,"pfm:furniture_book":1,"minecraft:wheat_seeds":2},"minecraft:picked_up":{"minecraft:rotten_flesh":2,"minecraft:wheat_seeds":2},"minecraft:used":{"minecraft:stone_bricks":112,"minecraft:sticky_piston":10,"minecraft:repeater":2,"minecraft:lever":1,"minecraft:blue_terracotta":45,"minecraft:sea_lantern":25,"minecraft:iron_block":143,"minecraft:grass_block":115,"minecraft:redstone":37},"minecraft:custom":{"minecraft:time_since_rest":41775,"minecraft:play_one_minute":41775,"minecraft:crouch_one_cm":56,"minecraft:sprint_one_cm":22328,"minecraft:walk_one_cm":86740,"minecraft:sneak_time":221,"minecraft:drop":5,"minecraft:jump":251,"minecraft:leave_game":2,"minecraft:time_since_death":41775,"minecraft:fall_one_cm":627,"minecraft:fly_one_cm":465375}},"DataVersion":2586}