{"stats":{"minecraft:dropped":{"minecraft:rotten_flesh":2,"minecraft:blue_terracotta":1,"pfm:furniture_book":1,"minecraft:wheat_seeds":2},"minecraft:picked_up":{"minecraft:blue_terracotta":1,"minecraft:rotten_flesh":2,"minecraft:wheat_seeds":2},"minecraft:used":{"minecraft:stone_bricks":112,"minecraft:sticky_piston":10,"minecraft:repeater":6,"minecraft:lever":3,"minecraft:blue_terracotta":200,"minecraft:sea_lantern":25,"minecraft:iron_block":416,"minecraft:grass_block":115,"minecraft:redstone":68},"minecraft:custom":{"minecraft:time_since_rest":53775,"minecraft:play_one_minute":53775,"minecraft:crouch_one_cm":152,"minecraft:sprint_one_cm":35876,"minecraft:walk_one_cm":108022,"minecraft:sneak_time":398,"minecraft:drop":6,"minecraft:jump":335,"minecraft:leave_game":2,"minecraft:walk_on_water_one_cm":69,"minecraft:time_since_death":53775,"minecraft:fall_one_cm":627,"minecraft:fly_one_cm":566548}},"DataVersion":2586}