{"stats":{"minecraft:killed":{"minecraft:zombie_villager":1,"minecraft:creeper":1,"minecraft:skeleton":2},"minecraft:picked_up":{"minecraft:wooden_axe":1,"minecraft:cooked_salmon":2,"minecraft:iron_shovel":1,"minecraft:bone":2,"minecraft:wheat_seeds":6,"minecraft:heart_of_the_sea":1,"minecraft:iron_ingot":21,"minecraft:sweet_berries":3,"minecraft:cake":1,"minecraft:cookie":56,"minecraft:prismarine_crystals":3,"minecraft:tnt":1,"minecraft:rotten_flesh":4,"minecraft:arrow":2,"minecraft:blue_terracotta":1,"minecraft:cooked_cod":4,"minecraft:iron_block":1,"minecraft:white_concrete":1,"minecraft:emerald":7,"pfm:furniture_book":1},"minecraft:killed_by":{"minecraft:player":2},"minecraft:custom":{"minecraft:mob_kills":4,"minecraft:play_one_minute":791595,"minecraft:leave_game":22,"minecraft:time_since_death":141898,"minecraft:time_since_rest":142229,"minecraft:sprint_one_cm":547644,"minecraft:damage_taken":2112,"minecraft:walk_one_cm":1100326,"minecraft:drop":71,"minecraft:damage_dealt":1056,"minecraft:swim_one_cm":24187,"minecraft:fly_one_cm":10685055,"minecraft:crouch_one_cm":1753,"minecraft:sneak_time":7574,"minecraft:deaths":3,"minecraft:walk_under_water_one_cm":76457,"minecraft:jump":5095,"minecraft:walk_on_water_one_cm":20901,"minecraft:fall_one_cm":19483},"minecraft:dropped":{"minecraft:blue_terracotta":1,"minecraft:wheat_seeds":2,"minecraft:cookie":56,"minecraft:rotten_flesh":2,"minecraft:golden_shovel":1,"minecraft:iron_block":1,"minecraft:wooden_axe":3,"minecraft:cake":1,"minecraft:quartz_stairs":1,"minecraft:white_concrete":1,"pfm:furniture_book":1,"minecraft:iron_shovel":1},"minecraft:used":{"securitycraft:secret_crimson_sign_item":1,"pfm:spruce_gray_simple_bed":77,"minecraft:netherite_sword":12,"minecraft:blue_terracotta":335,"minecraft:iron_shovel":1,"minecraft:redstone":148,"minecraft:light_blue_terracotta":284,"minecraft:chest":4,"minecraft:stone":168,"securitycraft:keypad_door_item":30,"minecraft:beacon":2,"minecraft:quartz_stairs":116,"securitycraft:scanner_door_item":2,"minecraft:torch":6,"minecraft:diamond_block":19,"minecraft:sand":155,"minecraft:lime_terracotta":64,"minecraft:birch_sign":4,"minecraft:spruce_log":19,"minecraft:milk_bucket":1,"minecraft:purple_stained_glass":4,"minecraft:oak_log":14,"minecraft:sticky_piston":28,"minecraft:dark_oak_planks":10,"minecraft:lever":12,"minecraft:sea_lantern":26,"minecraft:black_concrete":169,"minecraft:diamond_shovel":27,"minecraft:red_tulip":1,"minecraft:command_block":2,"minecraft:iron_block":2811,"minecraft:grass_block":118,"minecraft:quartz_block":166,"minecraft:red_terracotta":1511,"minecraft:stone_bricks":923,"minecraft:purple_concrete":714,"minecraft:repeater":16,"minecraft:purple_bed":26,"minecraft:white_stained_glass":97,"minecraft:gold_block":116,"minecraft:polished_blackstone_button":1,"minecraft:white_concrete":2206}},"DataVersion":2586}