{"stats":{"minecraft:custom":{"minecraft:time_since_rest":619757,"minecraft:sprint_one_cm":477730,"minecraft:damage_taken":50,"minecraft:walk_one_cm":988937,"minecraft:mob_kills":4,"minecraft:drop":11,"minecraft:damage_dealt":819,"minecraft:swim_one_cm":20782,"minecraft:fly_one_cm":6987569,"minecraft:crouch_one_cm":1420,"minecraft:play_one_minute":619757,"minecraft:sneak_time":4874,"minecraft:walk_under_water_one_cm":68490,"minecraft:jump":4255,"minecraft:leave_game":11,"minecraft:walk_on_water_one_cm":14542,"minecraft:time_since_death":619757,"minecraft:fall_one_cm":1621},"minecraft:picked_up":{"minecraft:wooden_axe":1,"minecraft:blue_terracotta":1,"minecraft:bone":2,"minecraft:arrow":2,"minecraft:rotten_flesh":4,"minecraft:wheat_seeds":3,"minecraft:iron_block":1,"minecraft:white_concrete":1,"pfm:furniture_book":1},"minecraft:dropped":{"minecraft:iron_block":1,"minecraft:blue_terracotta":1,"minecraft:wheat_seeds":2,"minecraft:wooden_axe":2,"minecraft:quartz_stairs":1,"minecraft:white_concrete":1,"minecraft:rotten_flesh":2,"pfm:furniture_book":1},"minecraft:killed":{"minecraft:skeleton":2,"minecraft:zombie_villager":1,"minecraft:creeper":1},"minecraft:used":{"securitycraft:secret_crimson_sign_item":1,"minecraft:oak_log":14,"minecraft:netherite_sword":11,"minecraft:sticky_piston":28,"pfm:spruce_gray_simple_bed":77,"minecraft:lever":12,"minecraft:blue_terracotta":335,"minecraft:sea_lantern":26,"minecraft:black_concrete":32,"minecraft:command_block":2,"minecraft:iron_block":2329,"minecraft:grass_block":117,"minecraft:redstone":148,"minecraft:light_blue_terracotta":46,"minecraft:stone":168,"minecraft:red_terracotta":1511,"securitycraft:keypad_door_item":30,"minecraft:beacon":2,"minecraft:quartz_stairs":106,"securitycraft:scanner_door_item":2,"minecraft:stone_bricks":922,"minecraft:repeater":16,"minecraft:purple_concrete":697,"minecraft:diamond_block":19,"minecraft:lime_terracotta":64,"minecraft:purple_bed":26,"minecraft:white_stained_glass":97,"minecraft:birch_sign":4,"minecraft:gold_block":116,"minecraft:polished_blackstone_button":1,"minecraft:white_concrete":2168,"minecraft:milk_bucket":1,"minecraft:purple_stained_glass":4}},"DataVersion":2586}