{"stats":{"minecraft:killed":{"minecraft:zombie_villager":1,"minecraft:creeper":1,"minecraft:skeleton":2},"minecraft:picked_up":{"minecraft:wooden_axe":1,"minecraft:ladder":1,"minecraft:cooked_salmon":2,"minecraft:iron_shovel":1,"minecraft:bone":2,"minecraft:wheat_seeds":6,"minecraft:heart_of_the_sea":1,"minecraft:iron_ingot":21,"minecraft:sweet_berries":3,"minecraft:cake":1,"minecraft:cookie":56,"minecraft:spruce_door":1,"minecraft:prismarine_crystals":3,"minecraft:tnt":1,"minecraft:rotten_flesh":4,"minecraft:arrow":2,"minecraft:blue_terracotta":1,"minecraft:cooked_cod":4,"minecraft:iron_block":1,"minecraft:white_concrete":1,"minecraft:emerald":7,"pfm:furniture_book":1},"minecraft:killed_by":{"minecraft:player":2},"minecraft:custom":{"minecraft:mob_kills":4,"minecraft:play_one_minute":921278,"minecraft:leave_game":23,"minecraft:time_since_death":271581,"minecraft:climb_one_cm":16411,"minecraft:time_since_rest":271912,"minecraft:sprint_one_cm":622679,"minecraft:damage_taken":2192,"minecraft:walk_one_cm":1242407,"minecraft:drop":80,"minecraft:damage_dealt":1056,"minecraft:swim_one_cm":27284,"minecraft:fly_one_cm":13188003,"minecraft:crouch_one_cm":2771,"minecraft:sneak_time":10490,"minecraft:deaths":3,"minecraft:walk_under_water_one_cm":81879,"minecraft:jump":5868,"minecraft:walk_on_water_one_cm":22908,"minecraft:fall_one_cm":22246},"minecraft:dropped":{"minecraft:blue_terracotta":1,"minecraft:wheat_seeds":2,"minecraft:cookie":56,"minecraft:rotten_flesh":2,"minecraft:oak_planks":1,"minecraft:diamond_shovel":1,"minecraft:golden_shovel":2,"minecraft:iron_block":1,"minecraft:repeater":1,"minecraft:wooden_axe":4,"minecraft:cake":1,"minecraft:quartz_stairs":1,"minecraft:white_concrete":1,"pfm:furniture_book":1,"minecraft:black_concrete":1,"minecraft:light_blue_terracotta":1,"minecraft:iron_shovel":2,"minecraft:redstone":1},"minecraft:used":{"securitycraft:secret_crimson_sign_item":1,"minecraft:water_bucket":42,"pfm:spruce_gray_simple_bed":77,"minecraft:netherite_sword":12,"minecraft:blue_terracotta":335,"pfm:jungle_classic_stool":7,"minecraft:spruce_door":9,"minecraft:iron_shovel":1,"minecraft:redstone":162,"minecraft:ladder":170,"minecraft:oak_planks":147,"minecraft:light_blue_terracotta":657,"minecraft:spruce_planks":158,"minecraft:chest":4,"minecraft:stone":168,"securitycraft:keypad_door_item":30,"minecraft:beacon":2,"minecraft:quartz_stairs":116,"minecraft:spruce_fence_gate":7,"securitycraft:scanner_door_item":2,"minecraft:oak_leaves":62,"minecraft:torch":6,"minecraft:diamond_block":19,"minecraft:sand":175,"minecraft:lime_terracotta":64,"minecraft:spruce_stairs":16,"minecraft:birch_sign":4,"minecraft:polar_bear_spawn_egg":17,"minecraft:gray_concrete":1,"minecraft:spruce_fence":162,"minecraft:light_blue_stained_glass":4,"minecraft:spruce_log":101,"minecraft:stripped_spruce_log":13,"minecraft:milk_bucket":1,"minecraft:purple_stained_glass":4,"minecraft:oak_log":14,"minecraft:glass":134,"minecraft:sticky_piston":38,"minecraft:dark_oak_planks":10,"minecraft:lever":13,"minecraft:sea_lantern":26,"minecraft:black_concrete":187,"minecraft:diamond_shovel":27,"minecraft:red_tulip":1,"minecraft:command_block":6,"minecraft:iron_block":3394,"minecraft:grass_block":118,"minecraft:jungle_log":18,"minecraft:quartz_block":166,"minecraft:jungle_stairs":7,"minecraft:red_terracotta":1511,"minecraft:crimson_planks":2,"minecraft:stone_bricks":952,"minecraft:purple_concrete":714,"minecraft:repeater":24,"minecraft:cobblestone":82,"minecraft:hay_block":32,"minecraft:purple_bed":26,"minecraft:white_stained_glass":97,"minecraft:lapis_block":4,"minecraft:gold_block":116,"minecraft:polished_blackstone_button":1,"minecraft:white_concrete":2207}},"DataVersion":2586}