{"stats":{"minecraft:dropped":{"minecraft:iron_block":1,"minecraft:blue_terracotta":1,"minecraft:wheat_seeds":2,"minecraft:rotten_flesh":2,"pfm:furniture_book":1},"minecraft:used":{"minecraft:purple_stained_glass":4,"minecraft:oak_log":6,"securitycraft:secret_crimson_sign_item":1,"minecraft:sticky_piston":16,"pfm:spruce_gray_simple_bed":77,"minecraft:lever":5,"minecraft:netherite_sword":11,"minecraft:blue_terracotta":311,"minecraft:sea_lantern":26,"minecraft:command_block":2,"minecraft:iron_block":1947,"minecraft:grass_block":117,"minecraft:redstone":82,"minecraft:light_blue_terracotta":3,"minecraft:red_terracotta":1511,"minecraft:stone":168,"securitycraft:keypad_door_item":30,"minecraft:beacon":2,"minecraft:quartz_stairs":24,"securitycraft:scanner_door_item":2,"minecraft:stone_bricks":866,"minecraft:repeater":8,"minecraft:diamond_block":19,"minecraft:lime_terracotta":64,"minecraft:purple_bed":26,"minecraft:gold_block":116,"minecraft:polished_blackstone_button":1,"minecraft:white_concrete":825,"minecraft:milk_bucket":1},"minecraft:picked_up":{"minecraft:bone":2,"minecraft:arrow":2,"minecraft:blue_terracotta":1,"minecraft:rotten_flesh":4,"minecraft:wheat_seeds":3,"minecraft:iron_block":1,"pfm:furniture_book":1},"minecraft:killed":{"minecraft:skeleton":2,"minecraft:zombie_villager":1,"minecraft:creeper":1},"minecraft:custom":{"minecraft:time_since_rest":306021,"minecraft:sprint_one_cm":225022,"minecraft:walk_one_cm":658619,"minecraft:mob_kills":4,"minecraft:drop":7,"minecraft:damage_dealt":819,"minecraft:swim_one_cm":19485,"minecraft:fly_one_cm":3885694,"minecraft:crouch_one_cm":372,"minecraft:play_one_minute":306021,"minecraft:sneak_time":2217,"minecraft:walk_under_water_one_cm":22194,"minecraft:jump":2676,"minecraft:leave_game":7,"minecraft:walk_on_water_one_cm":6154,"minecraft:time_since_death":306021,"minecraft:fall_one_cm":627}},"DataVersion":2586}