{"stats":{"minecraft:custom":{"minecraft:jump":135,"minecraft:time_since_rest":20741,"minecraft:crouch_one_cm":27,"minecraft:play_one_minute":20741,"minecraft:leave_game":1,"minecraft:sprint_one_cm":10361,"minecraft:time_since_death":20741,"minecraft:walk_one_cm":34944,"minecraft:sneak_time":17,"minecraft:drop":5,"minecraft:fall_one_cm":627,"minecraft:fly_one_cm":187522},"minecraft:picked_up":{"minecraft:rotten_flesh":2,"minecraft:wheat_seeds":2},"minecraft:used":{"minecraft:stone_bricks":112,"minecraft:sea_lantern":15,"minecraft:iron_block":6,"minecraft:grass_block":115},"minecraft:dropped":{"minecraft:rotten_flesh":2,"pfm:furniture_book":1,"minecraft:wheat_seeds":2}},"DataVersion":2586}