{"stats":{"minecraft:killed":{"minecraft:zombie_villager":1,"minecraft:creeper":1,"minecraft:skeleton":2},"minecraft:picked_up":{"minecraft:wooden_axe":1,"minecraft:ladder":1,"minecraft:cooked_salmon":2,"minecraft:iron_shovel":1,"minecraft:bone":2,"minecraft:wheat_seeds":6,"minecraft:heart_of_the_sea":1,"minecraft:iron_ingot":21,"minecraft:sweet_berries":3,"minecraft:cake":1,"minecraft:cookie":56,"minecraft:spruce_door":1,"minecraft:prismarine_crystals":3,"minecraft:tnt":1,"minecraft:rotten_flesh":4,"minecraft:arrow":2,"minecraft:blue_terracotta":1,"minecraft:cooked_cod":4,"minecraft:iron_block":1,"minecraft:white_concrete":1,"minecraft:emerald":7,"pfm:furniture_book":1},"minecraft:killed_by":{"minecraft:player":2},"minecraft:custom":{"minecraft:mob_kills":4,"minecraft:play_one_minute":863595,"minecraft:leave_game":22,"minecraft:time_since_death":213898,"minecraft:climb_one_cm":15450,"minecraft:time_since_rest":214229,"minecraft:sprint_one_cm":598219,"minecraft:damage_taken":2192,"minecraft:walk_one_cm":1214791,"minecraft:drop":73,"minecraft:damage_dealt":1056,"minecraft:swim_one_cm":24187,"minecraft:fly_one_cm":11808836,"minecraft:crouch_one_cm":2763,"minecraft:sneak_time":8933,"minecraft:deaths":3,"minecraft:walk_under_water_one_cm":78752,"minecraft:jump":5625,"minecraft:walk_on_water_one_cm":22103,"minecraft:fall_one_cm":22246},"minecraft:dropped":{"minecraft:blue_terracotta":1,"minecraft:wheat_seeds":2,"minecraft:cookie":56,"minecraft:rotten_flesh":2,"minecraft:golden_shovel":1,"minecraft:iron_block":1,"minecraft:repeater":1,"minecraft:wooden_axe":3,"minecraft:cake":1,"minecraft:quartz_stairs":1,"minecraft:white_concrete":1,"pfm:furniture_book":1,"minecraft:iron_shovel":1,"minecraft:redstone":1},"minecraft:used":{"securitycraft:secret_crimson_sign_item":1,"minecraft:water_bucket":42,"pfm:spruce_gray_simple_bed":77,"minecraft:netherite_sword":12,"minecraft:blue_terracotta":335,"minecraft:spruce_door":9,"minecraft:iron_shovel":1,"minecraft:redstone":162,"minecraft:ladder":170,"minecraft:oak_planks":101,"minecraft:light_blue_terracotta":438,"minecraft:spruce_planks":158,"minecraft:chest":4,"minecraft:stone":168,"securitycraft:keypad_door_item":30,"minecraft:beacon":2,"minecraft:quartz_stairs":116,"minecraft:spruce_fence_gate":7,"securitycraft:scanner_door_item":2,"minecraft:torch":6,"minecraft:diamond_block":19,"minecraft:sand":175,"minecraft:lime_terracotta":64,"minecraft:spruce_stairs":16,"minecraft:birch_sign":4,"minecraft:spruce_fence":162,"minecraft:light_blue_stained_glass":4,"minecraft:spruce_log":101,"minecraft:stripped_spruce_log":13,"minecraft:milk_bucket":1,"minecraft:purple_stained_glass":4,"minecraft:oak_log":14,"minecraft:glass":34,"minecraft:sticky_piston":38,"minecraft:dark_oak_planks":10,"minecraft:lever":13,"minecraft:sea_lantern":26,"minecraft:black_concrete":169,"minecraft:diamond_shovel":27,"minecraft:red_tulip":1,"minecraft:command_block":2,"minecraft:iron_block":3273,"minecraft:grass_block":118,"minecraft:quartz_block":166,"minecraft:red_terracotta":1511,"minecraft:crimson_planks":2,"minecraft:stone_bricks":952,"minecraft:purple_concrete":714,"minecraft:repeater":24,"minecraft:cobblestone":82,"minecraft:hay_block":32,"minecraft:purple_bed":26,"minecraft:white_stained_glass":97,"minecraft:lapis_block":4,"minecraft:gold_block":116,"minecraft:polished_blackstone_button":1,"minecraft:white_concrete":2206}},"DataVersion":2586}