{"stats":{"minecraft:dropped":{"minecraft:rotten_flesh":2,"pfm:furniture_book":1,"minecraft:wheat_seeds":2},"minecraft:picked_up":{"minecraft:rotten_flesh":2,"minecraft:wheat_seeds":2},"minecraft:used":{"minecraft:stone_bricks":112,"minecraft:sea_lantern":25,"minecraft:iron_block":18,"minecraft:grass_block":115},"minecraft:custom":{"minecraft:jump":193,"minecraft:time_since_rest":29775,"minecraft:crouch_one_cm":27,"minecraft:play_one_minute":29775,"minecraft:leave_game":2,"minecraft:sprint_one_cm":18273,"minecraft:time_since_death":29775,"minecraft:walk_one_cm":54729,"minecraft:sneak_time":43,"minecraft:fall_one_cm":627,"minecraft:drop":5,"minecraft:fly_one_cm":349965}},"DataVersion":2586}