{"stats":{"minecraft:custom":{"minecraft:time_since_rest":181048,"minecraft:sprint_one_cm":127432,"minecraft:walk_one_cm":345985,"minecraft:mob_kills":4,"minecraft:drop":6,"minecraft:damage_dealt":819,"minecraft:swim_one_cm":16519,"minecraft:fly_one_cm":2399767,"minecraft:play_one_minute":181048,"minecraft:crouch_one_cm":327,"minecraft:sneak_time":1726,"minecraft:walk_under_water_one_cm":21657,"minecraft:jump":1150,"minecraft:leave_game":3,"minecraft:time_since_death":181048,"minecraft:walk_on_water_one_cm":5379,"minecraft:fall_one_cm":627},"minecraft:dropped":{"minecraft:blue_terracotta":1,"minecraft:wheat_seeds":2,"minecraft:rotten_flesh":2,"pfm:furniture_book":1},"minecraft:killed":{"minecraft:skeleton":2,"minecraft:zombie_villager":1,"minecraft:creeper":1},"minecraft:picked_up":{"minecraft:bone":2,"minecraft:rotten_flesh":4,"minecraft:arrow":2,"minecraft:blue_terracotta":1,"minecraft:wheat_seeds":3,"pfm:furniture_book":1},"minecraft:used":{"minecraft:oak_log":6,"minecraft:purple_stained_glass":4,"securitycraft:secret_crimson_sign_item":1,"minecraft:sticky_piston":12,"pfm:spruce_gray_simple_bed":77,"minecraft:lever":3,"minecraft:netherite_sword":11,"minecraft:blue_terracotta":310,"minecraft:sea_lantern":26,"minecraft:command_block":2,"minecraft:iron_block":1913,"minecraft:grass_block":117,"minecraft:redstone":68,"minecraft:light_blue_terracotta":1,"minecraft:stone":168,"securitycraft:keypad_door_item":30,"minecraft:beacon":2,"securitycraft:scanner_door_item":2,"minecraft:stone_bricks":344,"minecraft:diamond_block":19,"minecraft:repeater":6,"minecraft:lime_terracotta":64,"minecraft:purple_bed":26,"minecraft:gold_block":66,"minecraft:polished_blackstone_button":1,"minecraft:milk_bucket":1}},"DataVersion":2586}