{"stats":{"minecraft:killed":{"minecraft:skeleton":3,"minecraft:zombie_villager":1,"minecraft:creeper":2,"minecraft:enderman":1},"minecraft:picked_up":{"minecraft:bone":1,"minecraft:arrow":3,"minecraft:rotten_flesh":2,"minecraft:wheat_seeds":4,"minecraft:gunpowder":3,"minecraft:ender_pearl":1},"minecraft:used":{"minecraft:stone_bricks":2,"minecraft:blue_terracotta":1,"minecraft:diamond_sword":76,"pfm:stripped_crimson_chair":1},"minecraft:mined":{"minecraft:grass":3},"minecraft:custom":{"minecraft:time_since_rest":29812,"minecraft:crouch_one_cm":160,"minecraft:play_one_minute":31395,"minecraft:sprint_one_cm":9738,"minecraft:deaths":1,"minecraft:damage_taken":243,"minecraft:walk_one_cm":40749,"minecraft:sneak_time":118,"minecraft:mob_kills":7,"minecraft:jump":75,"minecraft:damage_dealt":1880,"minecraft:leave_game":3,"minecraft:time_since_death":29774,"minecraft:chair_used":1,"minecraft:fall_one_cm":627,"minecraft:fly_one_cm":61976},"minecraft:killed_by":{"minecraft:zombie":1}},"DataVersion":2586}