{"stats":{"minecraft:custom":{"minecraft:jump":53,"minecraft:time_since_rest":24032,"minecraft:crouch_one_cm":160,"minecraft:play_one_minute":25615,"minecraft:walk_one_cm":14811,"minecraft:leave_game":3,"minecraft:sprint_one_cm":4998,"minecraft:damage_taken":243,"minecraft:time_since_death":23994,"minecraft:deaths":1,"minecraft:sneak_time":116,"minecraft:chair_used":1,"minecraft:fall_one_cm":627,"minecraft:fly_one_cm":49100},"minecraft:killed_by":{"minecraft:zombie":1},"minecraft:picked_up":{"minecraft:rotten_flesh":2,"minecraft:wheat_seeds":4},"minecraft:used":{"minecraft:stone_bricks":2,"pfm:stripped_crimson_chair":1},"minecraft:mined":{"minecraft:grass":3}},"DataVersion":2586}