{"stats":{"minecraft:killed_by":{"minecraft:zombie":1},"minecraft:custom":{"minecraft:time_since_rest":58037,"minecraft:play_one_minute":59620,"minecraft:crouch_one_cm":1507,"minecraft:damage_taken":243,"minecraft:sprint_one_cm":49186,"minecraft:deaths":1,"minecraft:walk_one_cm":112853,"minecraft:sneak_time":641,"minecraft:mob_kills":15,"minecraft:jump":137,"minecraft:damage_dealt":3802,"minecraft:leave_game":5,"minecraft:time_since_death":57999,"minecraft:chair_used":1,"minecraft:fall_one_cm":627,"minecraft:fly_one_cm":206704},"minecraft:killed":{"minecraft:skeleton":6,"minecraft:zombie":2,"minecraft:witch":1,"minecraft:creeper":4,"minecraft:zombie_villager":1,"minecraft:enderman":1},"minecraft:mined":{"minecraft:grass":3},"minecraft:picked_up":{"minecraft:stick":4,"minecraft:arrow":6,"minecraft:bone":5,"minecraft:rotten_flesh":4,"minecraft:bow":1,"minecraft:wheat_seeds":4,"minecraft:gunpowder":5,"minecraft:ender_pearl":1},"minecraft:used":{"minecraft:netherite_sword":16,"minecraft:stone_bricks":2,"minecraft:blue_terracotta":4,"minecraft:diamond_sword":117,"minecraft:iron_block":7,"pfm:stripped_crimson_chair":1}},"DataVersion":2586}