{"stats":{"minecraft:custom":{"minecraft:jump":41,"minecraft:time_since_rest":8507,"minecraft:play_one_minute":10090,"minecraft:walk_one_cm":9970,"minecraft:leave_game":2,"minecraft:sprint_one_cm":4498,"minecraft:damage_taken":243,"minecraft:time_since_death":8469,"minecraft:deaths":1,"minecraft:sneak_time":3,"minecraft:chair_used":1,"minecraft:fall_one_cm":627,"minecraft:fly_one_cm":13693},"minecraft:killed_by":{"minecraft:zombie":1},"minecraft:picked_up":{"minecraft:wheat_seeds":4},"minecraft:used":{"pfm:stripped_crimson_chair":1},"minecraft:mined":{"minecraft:grass":3}},"DataVersion":2586}