{"stats":{"minecraft:killed_by":{"minecraft:zombie":1},"minecraft:custom":{"minecraft:time_since_rest":72163,"minecraft:play_one_minute":73746,"minecraft:crouch_one_cm":1556,"minecraft:damage_taken":243,"minecraft:sprint_one_cm":51253,"minecraft:walk_one_cm":138749,"minecraft:deaths":1,"minecraft:sneak_time":691,"minecraft:mob_kills":15,"minecraft:jump":185,"minecraft:damage_dealt":3802,"minecraft:leave_game":7,"minecraft:time_since_death":72125,"minecraft:chair_used":1,"minecraft:fall_one_cm":627,"minecraft:fly_one_cm":354856},"minecraft:killed":{"minecraft:skeleton":6,"minecraft:zombie":2,"minecraft:witch":1,"minecraft:creeper":4,"minecraft:zombie_villager":1,"minecraft:enderman":1},"minecraft:picked_up":{"minecraft:stick":4,"minecraft:arrow":6,"minecraft:bone":5,"minecraft:rotten_flesh":4,"minecraft:bow":1,"minecraft:wheat_seeds":4,"minecraft:polished_blackstone_button":1,"minecraft:gunpowder":5,"minecraft:ender_pearl":1},"minecraft:mined":{"minecraft:grass":3},"minecraft:used":{"minecraft:netherite_sword":16,"minecraft:stone_bricks":2,"minecraft:blue_terracotta":4,"minecraft:diamond_sword":117,"minecraft:command_block":3,"minecraft:grass_block":1,"minecraft:iron_block":7,"pfm:stripped_crimson_chair":1,"minecraft:lever":1}},"DataVersion":2586}