{"stats":{"minecraft:picked_up":{"minecraft:stick":4,"minecraft:gunpowder":5,"minecraft:bone":5,"minecraft:arrow":6,"minecraft:rotten_flesh":4,"minecraft:bow":1,"minecraft:wheat_seeds":4,"cgm:assault_rifle":1,"minecraft:polished_blackstone_button":1,"minecraft:ender_pearl":1},"minecraft:dropped":{"cgm:assault_rifle":1},"minecraft:killed_by":{"minecraft:zombie":1},"minecraft:mined":{"minecraft:grass":3},"minecraft:custom":{"minecraft:time_since_rest":1168,"minecraft:sprint_one_cm":53991,"minecraft:damage_taken":493,"minecraft:walk_one_cm":143220,"minecraft:mob_kills":15,"minecraft:drop":1,"minecraft:damage_dealt":3802,"minecraft:chair_used":1,"minecraft:fly_one_cm":395200,"minecraft:crouch_one_cm":1556,"minecraft:play_one_minute":79668,"minecraft:deaths":2,"minecraft:sneak_time":877,"minecraft:walk_under_water_one_cm":6002,"minecraft:jump":194,"minecraft:leave_game":9,"minecraft:walk_on_water_one_cm":86,"minecraft:time_since_death":1018,"minecraft:fall_one_cm":1588},"minecraft:used":{"minecraft:netherite_sword":16,"minecraft:lever":1,"minecraft:blue_terracotta":4,"minecraft:command_block":3,"cgm:shotgun":5,"minecraft:iron_block":7,"minecraft:grass_block":1,"pfm:stripped_crimson_chair":1,"cgm:assault_rifle":63,"minecraft:stone_bricks":2,"minecraft:diamond_sword":117,"minecraft:white_stained_glass":1,"minecraft:white_concrete":1,"cgm:rifle":3},"minecraft:killed":{"minecraft:skeleton":6,"minecraft:zombie":2,"minecraft:witch":1,"minecraft:zombie_villager":1,"minecraft:creeper":4,"minecraft:enderman":1}},"DataVersion":2586}