{"stats":{"minecraft:killed":{"minecraft:skeleton":6,"minecraft:zombie":2,"minecraft:witch":1,"minecraft:zombie_villager":1,"minecraft:creeper":4,"minecraft:enderman":1},"minecraft:picked_up":{"minecraft:stick":4,"minecraft:bone":5,"minecraft:arrow":6,"minecraft:rotten_flesh":4,"minecraft:bow":1,"minecraft:wheat_seeds":4,"minecraft:gunpowder":5,"minecraft:ender_pearl":1},"minecraft:used":{"minecraft:stone_bricks":2,"minecraft:netherite_sword":16,"minecraft:blue_terracotta":3,"minecraft:diamond_sword":117,"minecraft:iron_block":2,"pfm:stripped_crimson_chair":1},"minecraft:mined":{"minecraft:grass":3},"minecraft:custom":{"minecraft:time_since_rest":52913,"minecraft:crouch_one_cm":1507,"minecraft:play_one_minute":54496,"minecraft:sprint_one_cm":31177,"minecraft:deaths":1,"minecraft:damage_taken":243,"minecraft:walk_one_cm":97822,"minecraft:sneak_time":557,"minecraft:mob_kills":15,"minecraft:jump":107,"minecraft:damage_dealt":3802,"minecraft:leave_game":4,"minecraft:time_since_death":52875,"minecraft:chair_used":1,"minecraft:fall_one_cm":627,"minecraft:fly_one_cm":116009},"minecraft:killed_by":{"minecraft:zombie":1}},"DataVersion":2586}