{"stats":{"minecraft:killed":{"minecraft:skeleton":6,"minecraft:zombie":2,"minecraft:zombie_villager":1,"minecraft:creeper":4,"minecraft:enderman":1},"minecraft:picked_up":{"minecraft:bone":5,"minecraft:arrow":6,"minecraft:rotten_flesh":4,"minecraft:bow":1,"minecraft:wheat_seeds":4,"minecraft:gunpowder":4,"minecraft:ender_pearl":1},"minecraft:used":{"minecraft:stone_bricks":2,"minecraft:blue_terracotta":1,"minecraft:diamond_sword":117,"pfm:stripped_crimson_chair":1},"minecraft:mined":{"minecraft:grass":3},"minecraft:custom":{"minecraft:time_since_rest":41812,"minecraft:crouch_one_cm":381,"minecraft:play_one_minute":43395,"minecraft:sprint_one_cm":21275,"minecraft:deaths":1,"minecraft:damage_taken":243,"minecraft:walk_one_cm":69007,"minecraft:sneak_time":205,"minecraft:mob_kills":14,"minecraft:jump":92,"minecraft:damage_dealt":2993,"minecraft:leave_game":3,"minecraft:time_since_death":41774,"minecraft:chair_used":1,"minecraft:fall_one_cm":627,"minecraft:fly_one_cm":95117},"minecraft:killed_by":{"minecraft:zombie":1}},"DataVersion":2586}