{"stats":{"minecraft:picked_up":{"minecraft:wooden_axe":2,"minecraft:purple_stained_glass":1,"securitycraft:scanner_door_item":1,"minecraft:blue_terracotta":1,"minecraft:stone_bricks":1,"minecraft:wheat_seeds":1,"minecraft:lever":2,"minecraft:iron_block":1,"minecraft:oak_sapling":3,"minecraft:purple_concrete":1},"minecraft:custom":{"minecraft:time_since_rest":153752,"minecraft:sprint_one_cm":132420,"minecraft:damage_taken":100,"minecraft:walk_one_cm":330586,"minecraft:drop":4,"minecraft:interact_with_beacon":2,"minecraft:chair_used":1,"minecraft:fly_one_cm":852652,"minecraft:play_one_minute":171646,"minecraft:crouch_one_cm":567,"minecraft:sneak_time":1607,"minecraft:deaths":1,"minecraft:walk_under_water_one_cm":12254,"minecraft:jump":893,"minecraft:leave_game":4,"minecraft:walk_on_water_one_cm":5257,"minecraft:time_since_death":153696,"minecraft:climb_one_cm":4699},"minecraft:dropped":{"minecraft:wheat_seeds":1,"minecraft:wooden_axe":1,"minecraft:stone_bricks":1,"pfm:furniture_book":1},"minecraft:used":{"minecraft:purple_stained_glass":3,"minecraft:green_concrete":4,"minecraft:lever":1,"minecraft:blue_terracotta":27,"pfm:jungle_classic_stool":24,"minecraft:iron_block":15,"minecraft:grass_block":9,"minecraft:barrier":99,"minecraft:jungle_log":48,"minecraft:jungle_stairs":24,"securitycraft:scanner_door_item":2,"minecraft:stone_bricks":822,"minecraft:oak_leaves":465,"minecraft:purple_concrete":56,"minecraft:potion":2,"minecraft:vine":9,"securitycraft:dirt_mine":6,"minecraft:white_stained_glass":1,"minecraft:milk_bucket":1}},"DataVersion":2586}