{"stats":{"minecraft:dropped":{"minecraft:wheat_seeds":1,"minecraft:wooden_axe":1,"minecraft:stone_bricks":1,"pfm:furniture_book":1,"cgm:stun_grenade":64},"minecraft:used":{"minecraft:purple_stained_glass":3,"minecraft:water_bucket":102,"minecraft:lever":5,"minecraft:green_concrete":4,"minecraft:blue_terracotta":34,"minecraft:black_concrete":2,"pfm:jungle_classic_stool":24,"minecraft:quartz_pillar":55,"minecraft:command_block":2,"minecraft:iron_block":18,"minecraft:grass_block":9,"minecraft:barrier":99,"cgm:grenade":2,"minecraft:jungle_log":48,"cgm:stun_grenade":3,"minecraft:jungle_stairs":24,"cgm:assault_rifle":53,"securitycraft:scanner_door_item":2,"minecraft:stone_bricks":840,"minecraft:oak_leaves":465,"minecraft:purple_concrete":57,"minecraft:sand":5,"minecraft:potion":2,"minecraft:vine":9,"securitycraft:dirt_mine":6,"minecraft:white_stained_glass":1,"cgm:rifle":7,"minecraft:white_concrete":19,"minecraft:milk_bucket":1},"minecraft:picked_up":{"minecraft:wooden_axe":2,"cgm:rifle":1,"minecraft:quartz_pillar":2,"minecraft:purple_stained_glass":2,"securitycraft:scanner_door_item":1,"minecraft:blue_terracotta":1,"minecraft:stone_bricks":1,"minecraft:black_concrete":1,"minecraft:jungle_stairs":2,"minecraft:wheat_seeds":1,"minecraft:lever":3,"cgm:assault_rifle":1,"minecraft:iron_block":1,"minecraft:oak_sapling":6,"minecraft:quartz_stairs":1,"minecraft:purple_concrete":1},"minecraft:custom":{"minecraft:time_since_rest":6102,"minecraft:damage_taken":100,"minecraft:sprint_one_cm":154350,"minecraft:walk_one_cm":368190,"minecraft:drop":5,"minecraft:interact_with_beacon":2,"minecraft:chair_used":1,"minecraft:fly_one_cm":1090530,"minecraft:player_kills":1,"minecraft:crouch_one_cm":1774,"minecraft:play_one_minute":208639,"minecraft:sneak_time":2836,"minecraft:deaths":6,"minecraft:walk_under_water_one_cm":13168,"minecraft:jump":1031,"minecraft:leave_game":4,"minecraft:walk_on_water_one_cm":10612,"minecraft:time_since_death":5975,"minecraft:climb_one_cm":4699}},"DataVersion":2586}