{"stats":{"minecraft:picked_up":{"minecraft:wooden_axe":2,"minecraft:blue_terracotta":1,"minecraft:wheat_seeds":1,"minecraft:lever":2,"minecraft:iron_block":1,"minecraft:purple_stained_glass":1,"minecraft:purple_concrete":1},"minecraft:dropped":{"pfm:furniture_book":1,"minecraft:wheat_seeds":1,"minecraft:wooden_axe":1},"minecraft:used":{"minecraft:purple_stained_glass":3,"minecraft:blue_terracotta":27,"minecraft:lever":1,"minecraft:purple_concrete":56,"minecraft:iron_block":12,"minecraft:grass_block":1},"minecraft:custom":{"minecraft:time_since_rest":5041,"minecraft:crouch_one_cm":74,"minecraft:play_one_minute":22935,"minecraft:walk_one_cm":30082,"minecraft:sprint_one_cm":29713,"minecraft:damage_taken":100,"minecraft:deaths":1,"minecraft:sneak_time":274,"minecraft:walk_under_water_one_cm":9433,"minecraft:drop":3,"minecraft:jump":154,"minecraft:leave_game":1,"minecraft:time_since_death":4985,"minecraft:walk_on_water_one_cm":4683,"minecraft:interact_with_beacon":2,"minecraft:fly_one_cm":208792}},"DataVersion":2586}