{"stats":{"minecraft:custom":{"minecraft:jump":51,"minecraft:time_since_rest":5303,"minecraft:crouch_one_cm":23,"minecraft:play_one_minute":5303,"minecraft:leave_game":1,"minecraft:sprint_one_cm":11288,"minecraft:damage_taken":100,"minecraft:time_since_death":5303,"minecraft:walk_one_cm":7055,"minecraft:interact_with_beacon":2,"minecraft:sneak_time":40,"minecraft:drop":2,"minecraft:fly_one_cm":49288},"minecraft:dropped":{"pfm:furniture_book":1,"minecraft:wheat_seeds":1},"minecraft:picked_up":{"minecraft:wheat_seeds":1,"minecraft:lever":1},"minecraft:used":{"minecraft:purple_stained_glass":3,"minecraft:lever":1,"minecraft:iron_block":4}},"DataVersion":2586}