{"stats":{"minecraft:picked_up":{"minecraft:wooden_axe":2,"minecraft:blue_terracotta":1,"minecraft:stone_bricks":1,"minecraft:wheat_seeds":1,"minecraft:lever":2,"minecraft:iron_block":1,"minecraft:purple_stained_glass":1,"minecraft:purple_concrete":1},"minecraft:dropped":{"minecraft:stone_bricks":1,"pfm:furniture_book":1,"minecraft:wheat_seeds":1,"minecraft:wooden_axe":1},"minecraft:used":{"minecraft:stone_bricks":822,"minecraft:purple_stained_glass":3,"minecraft:blue_terracotta":27,"minecraft:purple_concrete":56,"minecraft:lever":1,"minecraft:iron_block":15,"securitycraft:dirt_mine":6,"minecraft:grass_block":1},"minecraft:custom":{"minecraft:time_since_rest":71071,"minecraft:crouch_one_cm":136,"minecraft:play_one_minute":88965,"minecraft:sprint_one_cm":56879,"minecraft:damage_taken":100,"minecraft:deaths":1,"minecraft:walk_one_cm":106282,"minecraft:sneak_time":942,"minecraft:walk_under_water_one_cm":12254,"minecraft:drop":4,"minecraft:jump":526,"minecraft:leave_game":3,"minecraft:walk_on_water_one_cm":5257,"minecraft:time_since_death":71015,"minecraft:interact_with_beacon":2,"minecraft:fly_one_cm":502463}},"DataVersion":2586}