{"stats":{"minecraft:dropped":{"minecraft:wheat_seeds":1,"minecraft:wooden_axe":1,"minecraft:stone_bricks":1,"pfm:furniture_book":1,"cgm:stun_grenade":64},"minecraft:used":{"minecraft:purple_stained_glass":3,"minecraft:lever":6,"minecraft:water_bucket":102,"minecraft:green_concrete":4,"minecraft:blue_terracotta":34,"minecraft:black_concrete":2,"pfm:jungle_classic_stool":24,"minecraft:quartz_pillar":60,"minecraft:command_block":2,"minecraft:iron_block":18,"minecraft:grass_block":9,"minecraft:barrier":99,"minecraft:jungle_log":48,"cgm:grenade":2,"cgm:stun_grenade":3,"minecraft:jungle_stairs":24,"minecraft:magenta_concrete":13,"pfm:blue_simple_sofa":2,"cgm:assault_rifle":53,"securitycraft:scanner_door_item":2,"minecraft:stone_bricks":840,"minecraft:smooth_quartz_stairs":9,"minecraft:oak_leaves":465,"minecraft:purple_concrete":57,"minecraft:purpur_stairs":40,"minecraft:sand":5,"minecraft:potion":2,"minecraft:vine":9,"securitycraft:dirt_mine":6,"minecraft:white_stained_glass":1,"minecraft:white_concrete":112,"cgm:rifle":7,"minecraft:milk_bucket":1},"minecraft:picked_up":{"minecraft:wooden_axe":2,"cgm:rifle":1,"minecraft:quartz_pillar":2,"minecraft:purple_stained_glass":2,"minecraft:redstone":4,"securitycraft:scanner_door_item":1,"minecraft:blue_terracotta":1,"minecraft:stone_bricks":1,"minecraft:black_concrete":1,"minecraft:jungle_stairs":2,"minecraft:wheat_seeds":1,"minecraft:lever":3,"cgm:assault_rifle":1,"minecraft:iron_block":1,"minecraft:oak_sapling":6,"minecraft:quartz_stairs":1,"minecraft:purple_concrete":1},"minecraft:custom":{"minecraft:time_since_rest":25851,"minecraft:damage_taken":100,"minecraft:sprint_one_cm":168055,"minecraft:walk_one_cm":409110,"minecraft:drop":5,"minecraft:interact_with_beacon":2,"minecraft:chair_used":1,"minecraft:fly_one_cm":1171948,"minecraft:player_kills":1,"minecraft:crouch_one_cm":2283,"minecraft:play_one_minute":243228,"minecraft:deaths":9,"minecraft:sneak_time":3492,"minecraft:walk_under_water_one_cm":13168,"minecraft:jump":1101,"minecraft:leave_game":7,"minecraft:walk_on_water_one_cm":10612,"minecraft:time_since_death":25809,"minecraft:climb_one_cm":4699}},"DataVersion":2586}