{"stats":{"minecraft:picked_up":{"minecraft:wheat_seeds":1,"minecraft:lever":1},"minecraft:dropped":{"pfm:furniture_book":1,"minecraft:wheat_seeds":1},"minecraft:used":{"minecraft:purple_stained_glass":3,"minecraft:purple_concrete":1,"minecraft:lever":1,"minecraft:iron_block":5,"minecraft:grass_block":1},"minecraft:custom":{"minecraft:jump":108,"minecraft:time_since_rest":10935,"minecraft:walk_on_water_one_cm":4683,"minecraft:play_one_minute":10935,"minecraft:crouch_one_cm":74,"minecraft:leave_game":1,"minecraft:sprint_one_cm":18188,"minecraft:damage_taken":100,"minecraft:time_since_death":10935,"minecraft:walk_one_cm":16085,"minecraft:interact_with_beacon":2,"minecraft:sneak_time":209,"minecraft:walk_under_water_one_cm":9433,"minecraft:fly_one_cm":130872,"minecraft:drop":2}},"DataVersion":2586}