{"stats":{"minecraft:picked_up":{"minecraft:wooden_axe":2,"minecraft:blue_terracotta":1,"minecraft:stone_bricks":1,"minecraft:wheat_seeds":1,"minecraft:lever":2,"minecraft:iron_block":1,"minecraft:purple_stained_glass":1,"minecraft:purple_concrete":1},"minecraft:custom":{"minecraft:time_since_rest":85546,"minecraft:crouch_one_cm":202,"minecraft:play_one_minute":103440,"minecraft:sprint_one_cm":88614,"minecraft:damage_taken":100,"minecraft:deaths":1,"minecraft:walk_one_cm":199791,"minecraft:sneak_time":1226,"minecraft:walk_under_water_one_cm":12254,"minecraft:drop":4,"minecraft:jump":623,"minecraft:leave_game":3,"minecraft:time_since_death":85490,"minecraft:walk_on_water_one_cm":5257,"minecraft:interact_with_beacon":2,"minecraft:climb_one_cm":779,"minecraft:fly_one_cm":657108},"minecraft:dropped":{"minecraft:stone_bricks":1,"pfm:furniture_book":1,"minecraft:wheat_seeds":1,"minecraft:wooden_axe":1},"minecraft:used":{"minecraft:stone_bricks":822,"minecraft:purple_stained_glass":3,"minecraft:blue_terracotta":27,"minecraft:purple_concrete":56,"minecraft:lever":1,"minecraft:iron_block":15,"securitycraft:dirt_mine":6,"minecraft:grass_block":1,"minecraft:white_stained_glass":1,"minecraft:jungle_log":1,"minecraft:oak_leaves":12,"minecraft:green_concrete":4}},"DataVersion":2586}