{"stats":{"minecraft:picked_up":{"minecraft:wooden_axe":2,"minecraft:blue_terracotta":1,"minecraft:wheat_seeds":1,"minecraft:lever":2,"minecraft:iron_block":1,"minecraft:purple_stained_glass":1,"minecraft:purple_concrete":1},"minecraft:dropped":{"pfm:furniture_book":1,"minecraft:wheat_seeds":1,"minecraft:wooden_axe":1},"minecraft:used":{"minecraft:stone_bricks":219,"minecraft:purple_stained_glass":3,"minecraft:blue_terracotta":27,"minecraft:lever":1,"minecraft:purple_concrete":56,"securitycraft:dirt_mine":6,"minecraft:iron_block":15,"minecraft:grass_block":1},"minecraft:custom":{"minecraft:time_since_rest":17041,"minecraft:crouch_one_cm":99,"minecraft:play_one_minute":34935,"minecraft:walk_one_cm":36927,"minecraft:sprint_one_cm":32145,"minecraft:damage_taken":100,"minecraft:deaths":1,"minecraft:sneak_time":361,"minecraft:walk_under_water_one_cm":9433,"minecraft:drop":3,"minecraft:jump":282,"minecraft:leave_game":1,"minecraft:time_since_death":16985,"minecraft:walk_on_water_one_cm":4683,"minecraft:interact_with_beacon":2,"minecraft:fly_one_cm":262436}},"DataVersion":2586}