{"stats":{"minecraft:picked_up":{"minecraft:wooden_axe":2,"minecraft:blue_terracotta":1,"minecraft:stone_bricks":1,"minecraft:wheat_seeds":1,"minecraft:lever":2,"minecraft:iron_block":1,"minecraft:purple_stained_glass":1,"minecraft:oak_sapling":3,"minecraft:purple_concrete":1},"minecraft:custom":{"minecraft:time_since_rest":109546,"minecraft:crouch_one_cm":202,"minecraft:play_one_minute":127440,"minecraft:sprint_one_cm":103888,"minecraft:damage_taken":100,"minecraft:deaths":1,"minecraft:walk_one_cm":271027,"minecraft:sneak_time":1256,"minecraft:walk_under_water_one_cm":12254,"minecraft:drop":4,"minecraft:jump":785,"minecraft:leave_game":3,"minecraft:time_since_death":109490,"minecraft:walk_on_water_one_cm":5257,"minecraft:interact_with_beacon":2,"minecraft:chair_used":1,"minecraft:climb_one_cm":1405,"minecraft:fly_one_cm":720005},"minecraft:dropped":{"minecraft:stone_bricks":1,"pfm:furniture_book":1,"minecraft:wheat_seeds":1,"minecraft:wooden_axe":1},"minecraft:used":{"minecraft:stone_bricks":822,"minecraft:purple_stained_glass":3,"minecraft:blue_terracotta":27,"minecraft:purple_concrete":56,"minecraft:lever":1,"pfm:jungle_classic_stool":24,"minecraft:iron_block":15,"securitycraft:dirt_mine":6,"minecraft:grass_block":9,"minecraft:white_stained_glass":1,"minecraft:jungle_log":15,"minecraft:jungle_stairs":24,"minecraft:oak_leaves":333,"minecraft:green_concrete":4}},"DataVersion":2586}