{"stats":{"minecraft:picked_up":{"minecraft:wooden_axe":2,"minecraft:blue_terracotta":1,"minecraft:stone_bricks":1,"minecraft:wheat_seeds":1,"minecraft:lever":2,"minecraft:iron_block":1,"minecraft:purple_stained_glass":1,"minecraft:oak_sapling":3,"minecraft:purple_concrete":1},"minecraft:custom":{"minecraft:time_since_rest":121546,"minecraft:crouch_one_cm":361,"minecraft:play_one_minute":139440,"minecraft:sprint_one_cm":110827,"minecraft:damage_taken":100,"minecraft:deaths":1,"minecraft:walk_one_cm":298744,"minecraft:sneak_time":1413,"minecraft:walk_under_water_one_cm":12254,"minecraft:drop":4,"minecraft:jump":820,"minecraft:leave_game":3,"minecraft:time_since_death":121490,"minecraft:walk_on_water_one_cm":5257,"minecraft:interact_with_beacon":2,"minecraft:chair_used":1,"minecraft:climb_one_cm":2806,"minecraft:fly_one_cm":753295},"minecraft:dropped":{"minecraft:stone_bricks":1,"pfm:furniture_book":1,"minecraft:wheat_seeds":1,"minecraft:wooden_axe":1},"minecraft:used":{"minecraft:stone_bricks":822,"minecraft:purple_stained_glass":3,"minecraft:blue_terracotta":27,"minecraft:purple_concrete":56,"minecraft:lever":1,"pfm:jungle_classic_stool":24,"minecraft:vine":9,"minecraft:iron_block":15,"securitycraft:dirt_mine":6,"minecraft:grass_block":9,"minecraft:barrier":99,"minecraft:white_stained_glass":1,"minecraft:jungle_log":48,"minecraft:jungle_stairs":24,"securitycraft:scanner_door_item":1,"minecraft:oak_leaves":464,"minecraft:green_concrete":4}},"DataVersion":2586}