{"stats":{"minecraft:picked_up":{"minecraft:wooden_axe":2,"minecraft:blue_terracotta":1,"minecraft:stone_bricks":1,"minecraft:wheat_seeds":1,"minecraft:lever":2,"minecraft:iron_block":1,"minecraft:purple_stained_glass":1,"minecraft:purple_concrete":1},"minecraft:dropped":{"minecraft:stone_bricks":1,"pfm:furniture_book":1,"minecraft:wheat_seeds":1,"minecraft:wooden_axe":1},"minecraft:used":{"minecraft:stone_bricks":710,"minecraft:purple_stained_glass":3,"minecraft:blue_terracotta":27,"minecraft:purple_concrete":56,"minecraft:lever":1,"minecraft:iron_block":15,"securitycraft:dirt_mine":6,"minecraft:grass_block":1},"minecraft:custom":{"minecraft:time_since_rest":52852,"minecraft:crouch_one_cm":135,"minecraft:play_one_minute":70746,"minecraft:sprint_one_cm":42418,"minecraft:damage_taken":100,"minecraft:deaths":1,"minecraft:walk_one_cm":74985,"minecraft:sneak_time":719,"minecraft:walk_under_water_one_cm":9433,"minecraft:drop":4,"minecraft:jump":427,"minecraft:leave_game":2,"minecraft:walk_on_water_one_cm":4683,"minecraft:time_since_death":52796,"minecraft:interact_with_beacon":2,"minecraft:fly_one_cm":380647}},"DataVersion":2586}