{"stats":{"minecraft:custom":{"minecraft:jump":140,"minecraft:time_since_rest":14460,"minecraft:crouch_one_cm":2594,"minecraft:play_one_minute":35717,"minecraft:leave_game":1,"minecraft:sprint_one_cm":25351,"minecraft:damage_taken":10,"minecraft:time_since_death":35717,"minecraft:walk_one_cm":272704,"minecraft:sleep_in_bed":1,"minecraft:sneak_time":1096,"minecraft:fall_one_cm":369,"minecraft:fly_one_cm":196605},"minecraft:used":{"minecraft:white_stained_glass":14,"minecraft:white_concrete":5,"securitycraft:keypad_door_item":1}},"DataVersion":2586}