{"stats":{"minecraft:custom":{"minecraft:jump":169,"minecraft:time_since_rest":31143,"minecraft:play_one_minute":52400,"minecraft:crouch_one_cm":2840,"minecraft:leave_game":3,"minecraft:sprint_one_cm":31626,"minecraft:damage_taken":10,"minecraft:time_since_death":52400,"minecraft:walk_one_cm":290163,"minecraft:sleep_in_bed":1,"minecraft:sneak_time":1764,"minecraft:fall_one_cm":369,"minecraft:fly_one_cm":361111},"minecraft:used":{"minecraft:stone_bricks":49,"minecraft:white_stained_glass":14,"minecraft:white_concrete":263,"minecraft:polished_granite":4,"securitycraft:keypad_door_item":1,"minecraft:grass_block":1}},"DataVersion":2586}