{"stats":{"minecraft:custom":{"minecraft:time_since_rest":139842,"minecraft:crouch_one_cm":5723,"minecraft:play_one_minute":161099,"minecraft:sprint_one_cm":63615,"minecraft:damage_taken":257,"minecraft:walk_one_cm":364051,"minecraft:sneak_time":7018,"minecraft:jump":687,"minecraft:damage_dealt":402,"minecraft:leave_game":4,"minecraft:time_since_death":161099,"minecraft:sleep_in_bed":1,"minecraft:inspect_dispenser":5,"minecraft:fall_one_cm":971,"minecraft:fly_one_cm":2007453,"minecraft:player_kills":2},"minecraft:picked_up":{"minecraft:splash_potion":1,"minecraft:golden_shovel":1},"minecraft:used":{"minecraft:stone_bricks":79,"minecraft:heavy_weighted_pressure_plate":5,"minecraft:cooked_porkchop":2,"minecraft:iron_block":181,"minecraft:grass_block":1,"minecraft:dispenser":3,"minecraft:white_stained_glass":14,"minecraft:quartz_block":4,"minecraft:white_concrete":1472,"minecraft:polished_granite":4,"securitycraft:keypad_door_item":1,"minecraft:quartz_stairs":127}},"DataVersion":2586}