{"stats":{"minecraft:custom":{"minecraft:jump":262,"minecraft:time_since_rest":74715,"minecraft:damage_dealt":402,"minecraft:play_one_minute":95972,"minecraft:crouch_one_cm":4622,"minecraft:leave_game":3,"minecraft:sprint_one_cm":35236,"minecraft:damage_taken":257,"minecraft:time_since_death":95972,"minecraft:walk_one_cm":319330,"minecraft:sleep_in_bed":1,"minecraft:sneak_time":3091,"minecraft:fall_one_cm":971,"minecraft:fly_one_cm":617832,"minecraft:player_kills":2},"minecraft:used":{"minecraft:stone_bricks":79,"minecraft:white_stained_glass":14,"minecraft:quartz_block":4,"minecraft:polished_granite":4,"minecraft:white_concrete":1472,"securitycraft:keypad_door_item":1,"minecraft:quartz_stairs":127,"minecraft:cooked_porkchop":2,"minecraft:grass_block":1}},"DataVersion":2586}