{"stats":{"minecraft:custom":{"minecraft:jump":170,"minecraft:time_since_rest":38715,"minecraft:play_one_minute":59972,"minecraft:crouch_one_cm":2840,"minecraft:leave_game":3,"minecraft:sprint_one_cm":31626,"minecraft:damage_taken":10,"minecraft:time_since_death":59972,"minecraft:walk_one_cm":290214,"minecraft:sleep_in_bed":1,"minecraft:sneak_time":1867,"minecraft:fall_one_cm":369,"minecraft:fly_one_cm":374252},"minecraft:used":{"minecraft:stone_bricks":62,"minecraft:white_stained_glass":14,"minecraft:polished_granite":4,"minecraft:white_concrete":718,"securitycraft:keypad_door_item":1,"minecraft:grass_block":1}},"DataVersion":2586}