{"stats":{"minecraft:custom":{"minecraft:time_since_rest":104715,"minecraft:crouch_one_cm":5589,"minecraft:play_one_minute":125972,"minecraft:sprint_one_cm":58095,"minecraft:damage_taken":257,"minecraft:walk_one_cm":330291,"minecraft:sneak_time":4764,"minecraft:jump":607,"minecraft:damage_dealt":402,"minecraft:leave_game":3,"minecraft:time_since_death":125972,"minecraft:sleep_in_bed":1,"minecraft:fall_one_cm":971,"minecraft:fly_one_cm":1308053,"minecraft:player_kills":2},"minecraft:picked_up":{"minecraft:golden_shovel":1},"minecraft:used":{"minecraft:stone_bricks":79,"minecraft:grass_block":1,"minecraft:iron_block":41,"minecraft:cooked_porkchop":2,"minecraft:white_stained_glass":14,"minecraft:quartz_block":4,"minecraft:white_concrete":1472,"minecraft:polished_granite":4,"securitycraft:keypad_door_item":1,"minecraft:quartz_stairs":127}},"DataVersion":2586}