{"stats":{"minecraft:custom":{"minecraft:time_since_rest":92715,"minecraft:crouch_one_cm":5470,"minecraft:play_one_minute":113972,"minecraft:sprint_one_cm":52023,"minecraft:damage_taken":257,"minecraft:walk_one_cm":326619,"minecraft:sneak_time":4360,"minecraft:jump":558,"minecraft:damage_dealt":402,"minecraft:leave_game":3,"minecraft:time_since_death":113972,"minecraft:sleep_in_bed":1,"minecraft:fall_one_cm":971,"minecraft:fly_one_cm":1016365,"minecraft:player_kills":2},"minecraft:used":{"minecraft:stone_bricks":79,"minecraft:grass_block":1,"minecraft:iron_block":41,"minecraft:cooked_porkchop":2,"minecraft:white_stained_glass":14,"minecraft:quartz_block":4,"minecraft:white_concrete":1472,"minecraft:polished_granite":4,"securitycraft:keypad_door_item":1,"minecraft:quartz_stairs":127}},"DataVersion":2586}