{"stats":{"minecraft:custom":{"minecraft:jump":154,"minecraft:time_since_rest":23035,"minecraft:play_one_minute":44292,"minecraft:crouch_one_cm":2840,"minecraft:leave_game":2,"minecraft:sprint_one_cm":30718,"minecraft:damage_taken":10,"minecraft:time_since_death":44292,"minecraft:walk_one_cm":287583,"minecraft:sleep_in_bed":1,"minecraft:sneak_time":1670,"minecraft:fall_one_cm":369,"minecraft:fly_one_cm":300012},"minecraft:used":{"minecraft:white_stained_glass":14,"minecraft:polished_granite":4,"minecraft:white_concrete":5,"securitycraft:keypad_door_item":1,"minecraft:grass_block":1}},"DataVersion":2586}