{"stats":{"minecraft:custom":{"minecraft:jump":185,"minecraft:time_since_rest":62715,"minecraft:play_one_minute":83972,"minecraft:crouch_one_cm":3556,"minecraft:leave_game":3,"minecraft:sprint_one_cm":32490,"minecraft:damage_taken":10,"minecraft:time_since_death":83972,"minecraft:walk_one_cm":295089,"minecraft:sleep_in_bed":1,"minecraft:sneak_time":2516,"minecraft:fall_one_cm":369,"minecraft:fly_one_cm":531690},"minecraft:used":{"minecraft:stone_bricks":79,"minecraft:white_stained_glass":14,"minecraft:quartz_block":1,"minecraft:polished_granite":4,"minecraft:white_concrete":1472,"securitycraft:keypad_door_item":1,"minecraft:quartz_stairs":117,"minecraft:grass_block":1}},"DataVersion":2586}