{"stats":{"minecraft:custom":{"minecraft:time_since_rest":127842,"minecraft:crouch_one_cm":5589,"minecraft:play_one_minute":149099,"minecraft:sprint_one_cm":58134,"minecraft:damage_taken":257,"minecraft:walk_one_cm":330560,"minecraft:sneak_time":6709,"minecraft:jump":616,"minecraft:damage_dealt":402,"minecraft:leave_game":4,"minecraft:time_since_death":149099,"minecraft:sleep_in_bed":1,"minecraft:fall_one_cm":971,"minecraft:fly_one_cm":1877828,"minecraft:player_kills":2},"minecraft:picked_up":{"minecraft:golden_shovel":1},"minecraft:used":{"minecraft:stone_bricks":79,"minecraft:cooked_porkchop":2,"minecraft:iron_block":50,"minecraft:grass_block":1,"minecraft:white_stained_glass":14,"minecraft:quartz_block":4,"minecraft:white_concrete":1472,"minecraft:polished_granite":4,"securitycraft:keypad_door_item":1,"minecraft:quartz_stairs":127}},"DataVersion":2586}