{"stats":{"minecraft:custom":{"minecraft:jump":171,"minecraft:time_since_rest":50715,"minecraft:play_one_minute":71972,"minecraft:crouch_one_cm":2844,"minecraft:leave_game":3,"minecraft:sprint_one_cm":31626,"minecraft:damage_taken":10,"minecraft:time_since_death":71972,"minecraft:walk_one_cm":293321,"minecraft:sleep_in_bed":1,"minecraft:sneak_time":2098,"minecraft:fall_one_cm":369,"minecraft:fly_one_cm":462443},"minecraft:used":{"minecraft:stone_bricks":78,"minecraft:white_stained_glass":14,"minecraft:polished_granite":4,"minecraft:white_concrete":1238,"securitycraft:keypad_door_item":1,"minecraft:grass_block":1}},"DataVersion":2586}