{
  "minecraft:recipes/decorations/purple_stained_glass_pane": {
    "criteria": {
      "has_glass": "2024-11-09 02:28:43 +0000"
    },
    "done": true
  },
  "securitycraft:recipes/securitycraft/reinforced_purple_stained_glass_pane_from_dye": {
    "criteria": {
      "has_glass": "2024-11-09 02:28:43 +0000"
    },
    "done": true
  },
  "minecraft:recipes/building_blocks/quartz_pillar": {
    "criteria": {
      "has_quartz_block": "2024-11-11 00:21:35 +0000"
    },
    "done": true
  },
  "pfm:recipes/pfm.furniture/jungle_purple_simple_bed": {
    "criteria": {
      "has_bed": "2024-11-09 01:44:32 +0000"
    },
    "done": true
  },
  "pfm:recipes/pfm.furniture/magenta_arm_chair": {
    "criteria": {
      "has_wool": "2024-11-09 03:08:25 +0000"
    },
    "done": true
  },
  "pfm:recipes/pfm.furniture/spruce_purple_classic_bed": {
    "criteria": {
      "has_bed": "2024-11-09 01:44:32 +0000"
    },
    "done": true
  },
  "pfm:recipes/pfm.furniture/oak_purple_classic_bed": {
    "criteria": {
      "has_bed": "2024-11-09 01:44:32 +0000"
    },
    "done": true
  },
  "securitycraft:recipes/securitycraft/panic_button": {
    "criteria": {
      "has_redstone": "2024-11-09 01:24:40 +0000"
    },
    "done": true
  },
  "minecraft:recipes/building_blocks/stone_bricks": {
    "criteria": {
      "has_stone": "2024-11-09 02:44:07 +0000"
    },
    "done": true
  },
  "pfm:recipes/pfm.furniture/stone_table_basic": {
    "criteria": {
      "stone_table_basic": "2024-11-09 02:44:07 +0000"
    },
    "done": true
  },
  "pfm:recipes/pfm.furniture/brown_arm_chair": {
    "criteria": {
      "has_wool": "2024-11-09 03:08:25 +0000"
    },
    "done": true
  },
  "securitycraft:recipes/securitycraft/reinforced_green_stained_glass_pane_from_dye": {
    "criteria": {
      "has_glass": "2024-11-09 02:28:43 +0000"
    },
    "done": true
  },
  "pfm:recipes/pfm.furniture/dark_oak_chair_dinner": {
    "criteria": {
      "has_planks": "2024-11-11 00:14:16 +0000"
    },
    "done": true
  },
  "minecraft:recipes/building_blocks/chiseled_stone_bricks": {
    "criteria": {
      "has_stone_bricks": "2024-11-09 00:47:47 +0000"
    },
    "done": true
  },
  "minecraft:recipes/building_blocks/stone_brick_slab_from_stone_bricks_stonecutting": {
    "criteria": {
      "has_stone_bricks": "2024-11-09 00:47:47 +0000"
    },
    "done": true
  },
  "pfm:recipes/pfm.furniture/light_wood_simple_stool": {
    "criteria": {
      "has_planks": "2024-11-11 00:21:35 +0000"
    },
    "done": true
  },
  "minecraft:recipes/decorations/crafting_table": {
    "criteria": {
      "has_planks": "2024-11-11 00:14:16 +0000"
    },
    "done": true
  },
  "securitycraft:recipes/securitycraft/reinforced_green_stained_glass": {
    "criteria": {
      "has_glass": "2024-11-09 02:28:43 +0000"
    },
    "done": true
  },
  "pfm:recipes/pfm.furniture/blue_simple_sofa": {
    "criteria": {
      "has_wool": "2024-11-09 03:08:25 +0000"
    },
    "done": true
  },
  "minecraft:recipes/building_blocks/smooth_stone": {
    "criteria": {
      "has_stone": "2024-11-09 02:44:07 +0000"
    },
    "done": true
  },
  "securitycraft:recipes/securitycraft/reinforced_red_stained_glass_pane_from_dye": {
    "criteria": {
      "has_glass": "2024-11-09 02:28:43 +0000"
    },
    "done": true
  },
  "securitycraft:recipes/securitycraft/reinforced_light_blue_stained_glass_pane_from_dye": {
    "criteria": {
      "has_glass": "2024-11-09 02:28:43 +0000"
    },
    "done": true
  },
  "minecraft:recipes/building_blocks/dark_oak_slab": {
    "criteria": {
      "has_planks": "2024-11-11 00:14:16 +0000"
    },
    "done": true
  },
  "minecraft:recipes/decorations/chest": {
    "criteria": {
      "has_lots_of_items": "2024-11-09 02:26:37 +0000"
    },
    "done": true
  },
  "pfm:recipes/pfm.furniture/dark_oak_kitchen_counter_oven": {
    "criteria": {
      "has_planks": "2024-11-11 00:14:16 +0000"
    },
    "done": true
  },
  "securitycraft:recipes/securitycraft/reinforced_redstone_lamp": {
    "criteria": {
      "has_redstone": "2024-11-09 01:24:40 +0000"
    },
    "done": true
  },
  "minecraft:recipes/building_blocks/stone_slab_from_stone_stonecutting": {
    "criteria": {
      "has_stone": "2024-11-09 02:44:07 +0000"
    },
    "done": true
  },
  "securitycraft:recipes/securitycraft/reinforced_red_stained_glass_pane_from_glass": {
    "criteria": {
      "has_glass": "2024-11-09 02:28:43 +0000"
    },
    "done": true
  },
  "minecraft:recipes/building_blocks/chiseled_stone_bricks_stone_from_stonecutting": {
    "criteria": {
      "has_stone": "2024-11-09 02:44:07 +0000"
    },
    "done": true
  },
  "pfm:recipes/pfm.furniture/dark_oak_kitchen_wall_drawer": {
    "criteria": {
      "has_planks": "2024-11-11 00:14:16 +0000"
    },
    "done": true
  },
  "securitycraft:recipes/securitycraft/reinforced_black_stained_glass_pane_from_dye": {
    "criteria": {
      "has_glass": "2024-11-09 02:28:43 +0000"
    },
    "done": true
  },
  "pfm:recipes/pfm.furniture/dark_oak_kitchen_drawer": {
    "criteria": {
      "has_planks": "2024-11-11 00:14:16 +0000"
    },
    "done": true
  },
  "pfm:recipes/pfm.furniture/stone_table_natural": {
    "criteria": {
      "stone_table_natural": "2024-11-09 02:44:07 +0000"
    },
    "done": true
  },
  "securitycraft:recipes/securitycraft/reinforced_orange_stained_glass": {
    "criteria": {
      "has_glass": "2024-11-09 02:28:43 +0000"
    },
    "done": true
  },
  "pfm:recipes/pfm.furniture/purple_simple_sofa": {
    "criteria": {
      "has_wool": "2024-11-09 03:08:25 +0000"
    },
    "done": true
  },
  "minecraft:recipes/redstone/dark_oak_button": {
    "criteria": {
      "has_planks": "2024-11-11 00:14:16 +0000"
    },
    "done": true
  },
  "pfm:recipes/pfm.furniture/dark_oak_table_basic": {
    "criteria": {
      "has_planks": "2024-11-11 00:14:16 +0000"
    },
    "done": true
  },
  "securitycraft:recipes/securitycraft/reinforced_orange_stained_glass_pane_from_glass": {
    "criteria": {
      "has_glass": "2024-11-09 02:28:43 +0000"
    },
    "done": true
  },
  "minecraft:recipes/misc/stick": {
    "criteria": {
      "has_planks": "2024-11-11 00:14:16 +0000"
    },
    "done": true
  },
  "minecraft:recipes/redstone/redstone_lamp": {
    "criteria": {
      "has_glowstone": "2024-11-10 23:50:35 +0000"
    },
    "done": true
  },
  "minecraft:recipes/building_blocks/stone_brick_slab_from_stone_stonecutting": {
    "criteria": {
      "has_stone": "2024-11-09 02:44:07 +0000"
    },
    "done": true
  },
  "minecraft:recipes/transportation/spruce_boat": {
    "criteria": {
      "in_water": "2024-11-09 01:30:55 +0000"
    },
    "done": true
  },
  "pfm:recipes/pfm.furniture/light_wood_kitchen_cabinet": {
    "criteria": {
      "has_planks": "2024-11-11 00:21:35 +0000"
    },
    "done": true
  },
  "securitycraft:recipes/securitycraft/reinforced_light_blue_stained_glass": {
    "criteria": {
      "has_glass": "2024-11-09 02:28:43 +0000"
    },
    "done": true
  },
  "minecraft:recipes/building_blocks/cracked_stone_bricks": {
    "criteria": {
      "has_stone_bricks": "2024-11-09 00:47:47 +0000"
    },
    "done": true
  },
  "pfm:recipes/pfm.furniture/smooth_stone_kitchen_sink": {
    "criteria": {
      "has_planks": "2024-11-10 03:29:24 +0000"
    },
    "done": true
  },
  "pfm:recipes/pfm.furniture/quartz_chair": {
    "criteria": {
      "quartz_chair": "2024-11-11 00:21:35 +0000"
    },
    "done": true
  },
  "pfm:recipes/pfm.furniture/quartz_simple_stool": {
    "criteria": {
      "has_planks": "2024-11-11 00:21:35 +0000"
    },
    "done": true
  },
  "minecraft:recipes/building_blocks/quartz_stairs_from_quartz_block_stonecutting": {
    "criteria": {
      "has_quartz_block": "2024-11-11 00:21:35 +0000"
    },
    "done": true
  },
  "securitycraft:recipes/securitycraft/reinforced_blue_stained_glass_pane_from_dye": {
    "criteria": {
      "has_glass": "2024-11-09 02:28:43 +0000"
    },
    "done": true
  },
  "minecraft:recipes/decorations/light_blue_glazed_terracotta": {
    "criteria": {
      "has_light_blue_terracotta": "2024-11-09 03:20:49 +0000"
    },
    "done": true
  },
  "pfm:recipes/pfm.furniture/dark_wood_kitchen_drawer": {
    "criteria": {
      "has_planks": "2024-11-11 00:21:35 +0000"
    },
    "done": true
  },
  "pfm:recipes/pfm.furniture/dark_oak_table_log": {
    "criteria": {
      "has_log": "2024-11-11 00:14:16 +0000"
    },
    "done": true
  },
  "securitycraft:recipes/securitycraft/keypad_frame": {
    "criteria": {
      "has_redstone": "2024-11-09 01:24:40 +0000"
    },
    "done": true
  },
  "pfm:recipes/pfm.furniture/green_arm_chair": {
    "criteria": {
      "has_wool": "2024-11-09 03:08:25 +0000"
    },
    "done": true
  },
  "minecraft:recipes/redstone/dark_oak_door": {
    "criteria": {
      "has_planks": "2024-11-11 00:14:16 +0000"
    },
    "done": true
  },
  "pfm:recipes/pfm.furniture/light_wood_chair_classic": {
    "criteria": {
      "light_wood_chair_classic": "2024-11-11 00:21:35 +0000"
    },
    "done": true
  },
  "pfm:recipes/pfm.furniture/light_wood_classic_stool": {
    "criteria": {
      "has_planks": "2024-11-11 00:21:35 +0000"
    },
    "done": true
  },
  "pfm:recipes/pfm.furniture/lime_simple_sofa": {
    "criteria": {
      "has_wool": "2024-11-09 03:08:25 +0000"
    },
    "done": true
  },
  "securitycraft:recipes/securitycraft/reinforced_light_gray_stained_glass": {
    "criteria": {
      "has_glass": "2024-11-09 02:28:43 +0000"
    },
    "done": true
  },
  "pfm:recipes/pfm.furniture/quartz_table_dinner": {
    "criteria": {
      "quartz_table_dinner": "2024-11-11 00:21:35 +0000"
    },
    "done": true
  },
  "pfm:recipes/pfm.furniture/smooth_stone_kitchen_counter_oven": {
    "criteria": {
      "has_planks": "2024-11-10 03:29:25 +0000"
    },
    "done": true
  },
  "pfm:recipes/pfm.furniture/dark_oak_simple_bunk_ladder": {
    "criteria": {
      "has_planks": "2024-11-11 00:14:16 +0000"
    },
    "done": true
  },
  "securitycraft:recipes/securitycraft/reinforced_white_stained_glass_pane_from_glass": {
    "criteria": {
      "has_glass": "2024-11-09 02:28:43 +0000"
    },
    "done": true
  },
  "minecraft:recipes/building_blocks/stone_brick_stairs_from_stone_bricks_stonecutting": {
    "criteria": {
      "has_stone_bricks": "2024-11-09 00:47:47 +0000"
    },
    "done": true
  },
  "securitycraft:recipes/securitycraft/secret_jungle_sign_item": {
    "criteria": {
      "has_sign": "2024-11-09 01:48:12 +0000"
    },
    "done": true
  },
  "securitycraft:recipes/securitycraft/reinforced_light_blue_stained_glass_pane_from_glass": {
    "criteria": {
      "has_glass": "2024-11-09 02:28:43 +0000"
    },
    "done": true
  },
  "pfm:recipes/pfm.furniture/light_wood_table_natural": {
    "criteria": {
      "light_wood_table_natural": "2024-11-11 00:21:35 +0000"
    },
    "done": true
  },
  "securitycraft:recipes/securitycraft/taser": {
    "criteria": {
      "has_redstone": "2024-11-09 01:24:40 +0000"
    },
    "done": true
  },
  "minecraft:recipes/redstone/note_block": {
    "criteria": {
      "has_redstone": "2024-11-09 01:24:40 +0000"
    },
    "done": true
  },
  "pfm:recipes/pfm.furniture/acacia_purple_simple_bed": {
    "criteria": {
      "has_bed": "2024-11-09 01:44:32 +0000"
    },
    "done": true
  },
  "pfm:recipes/pfm.furniture/cyan_simple_sofa": {
    "criteria": {
      "has_wool": "2024-11-09 03:08:25 +0000"
    },
    "done": true
  },
  "securitycraft:recipes/securitycraft/secret_spruce_sign_item": {
    "criteria": {
      "has_sign": "2024-11-09 01:48:12 +0000"
    },
    "done": true
  },
  "securitycraft:recipes/securitycraft/reinforced_red_stained_glass": {
    "criteria": {
      "has_glass": "2024-11-09 02:28:43 +0000"
    },
    "done": true
  },
  "pfm:recipes/pfm.furniture/white_stove": {
    "criteria": {
      "has_white_concrete": "2024-11-10 03:29:25 +0000"
    },
    "done": true
  },
  "pfm:recipes/pfm.furniture/concrete_kitchen_wall_small_drawer": {
    "criteria": {
      "has_planks": "2024-11-10 03:29:25 +0000"
    },
    "done": true
  },
  "pfm:recipes/pfm.furniture/stone_chair": {
    "criteria": {
      "stone_chair": "2024-11-09 02:44:07 +0000"
    },
    "done": true
  },
  "securitycraft:recipes/securitycraft/reinforced_lime_stained_glass": {
    "criteria": {
      "has_glass": "2024-11-09 02:28:43 +0000"
    },
    "done": true
  },
  "pfm:recipes/pfm.furniture/white_modern_stool": {
    "criteria": {
      "has_planks": "2024-11-10 03:29:25 +0000"
    },
    "done": true
  },
  "pfm:recipes/pfm.furniture/white_simple_sofa": {
    "criteria": {
      "has_wool": "2024-11-09 03:08:25 +0000"
    },
    "done": true
  },
  "securitycraft:recipes/securitycraft/reinforced_blue_stained_glass_pane_from_glass": {
    "criteria": {
      "has_glass": "2024-11-09 02:28:43 +0000"
    },
    "done": true
  },
  "pfm:recipes/pfm.furniture/stone_table_classic": {
    "criteria": {
      "stone_table_classic": "2024-11-09 02:44:07 +0000"
    },
    "done": true
  },
  "pfm:recipes/pfm.furniture/stone_kitchen_wall_small_drawer": {
    "criteria": {
      "has_planks": "2024-11-09 02:44:07 +0000"
    },
    "done": true
  },
  "pfm:recipes/pfm.furniture/gray_simple_sofa": {
    "criteria": {
      "has_wool": "2024-11-09 03:08:25 +0000"
    },
    "done": true
  },
  "pfm:recipes/pfm.furniture/oak_raw_table_log": {
    "criteria": {
      "has_log": "2024-11-09 03:08:25 +0000"
    },
    "done": true
  },
  "pfm:recipes/pfm.furniture/stone_kitchen_wall_counter": {
    "criteria": {
      "has_planks": "2024-11-09 02:44:07 +0000"
    },
    "done": true
  },
  "pfm:recipes/pfm.furniture/stone_chair_classic": {
    "criteria": {
      "stone_chair_classic": "2024-11-09 02:44:07 +0000"
    },
    "done": true
  },
  "securitycraft:recipes/securitycraft/reinforced_white_stained_glass_pane_from_dye": {
    "criteria": {
      "has_glass": "2024-11-09 02:28:43 +0000"
    },
    "done": true
  },
  "minecraft:recipes/building_blocks/stone_stairs_from_stone_stonecutting": {
    "criteria": {
      "has_stone": "2024-11-09 02:44:07 +0000"
    },
    "done": true
  },
  "pfm:recipes/pfm.furniture/dark_oak_table_modern_dinner": {
    "criteria": {
      "has_planks": "2024-11-11 00:14:16 +0000"
    },
    "done": true
  },
  "pfm:recipes/pfm.furniture/light_wood_classic_nightstand": {
    "criteria": {
      "light_wood_classic_nightstand": "2024-11-11 00:21:35 +0000"
    },
    "done": true
  },
  "pfm:recipes/pfm.furniture/jungle_purple_classic_bed": {
    "criteria": {
      "has_bed": "2024-11-09 01:44:32 +0000"
    },
    "done": true
  },
  "pfm:recipes/pfm.furniture/quartz_chair_classic": {
    "criteria": {
      "quartz_chair_classic": "2024-11-11 00:21:35 +0000"
    },
    "done": true
  },
  "securitycraft:recipes/securitycraft/portable_radar": {
    "criteria": {
      "has_redstone": "2024-11-09 01:24:40 +0000"
    },
    "done": true
  },
  "pfm:recipes/pfm.furniture/magenta_simple_sofa": {
    "criteria": {
      "has_wool": "2024-11-09 03:08:25 +0000"
    },
    "done": true
  },
  "securitycraft:recipes/securitycraft/reinforced_green_stained_glass_pane_from_glass": {
    "criteria": {
      "has_glass": "2024-11-09 02:28:43 +0000"
    },
    "done": true
  },
  "minecraft:recipes/redstone/target": {
    "criteria": {
      "has_redstone": "2024-11-09 01:24:40 +0000"
    },
    "done": true
  },
  "pfm:recipes/pfm.furniture/concrete_kitchen_counter": {
    "criteria": {
      "has_planks": "2024-11-10 03:29:25 +0000"
    },
    "done": true
  },
  "pfm:recipes/pfm.furniture/dark_wood_table_modern_dinner": {
    "criteria": {
      "dark_wood_table_modern_dinner": "2024-11-11 00:21:35 +0000"
    },
    "done": true
  },
  "pfm:recipes/pfm.furniture/dark_oak_purple_simple_bed": {
    "criteria": {
      "has_bed": "2024-11-09 01:44:32 +0000"
    },
    "done": true
  },
  "pfm:recipes/pfm.furniture/dark_wood_chair_dinner": {
    "criteria": {
      "dark_wood_chair_dinner": "2024-11-11 00:21:35 +0000"
    },
    "done": true
  },
  "pfm:recipes/pfm.furniture/quartz_table_basic": {
    "criteria": {
      "quartz_table_basic": "2024-11-11 00:21:35 +0000"
    },
    "done": true
  },
  "securitycraft:recipes/securitycraft/reinforced_gray_stained_glass_pane_from_glass": {
    "criteria": {
      "has_glass": "2024-11-09 02:28:43 +0000"
    },
    "done": true
  },
  "pfm:recipes/pfm.furniture/dark_oak_table_dinner": {
    "criteria": {
      "has_planks": "2024-11-11 00:14:16 +0000"
    },
    "done": true
  },
  "minecraft:recipes/misc/charcoal": {
    "criteria": {
      "has_log": "2024-11-09 03:08:25 +0000"
    },
    "done": true
  },
  "minecraft:recipes/building_blocks/spruce_planks": {
    "criteria": {
      "has_logs": "2024-11-11 00:07:01 +0000"
    },
    "done": true
  },
  "securitycraft:recipes/securitycraft/reinforced_gray_stained_glass_pane_from_dye": {
    "criteria": {
      "has_glass": "2024-11-09 02:28:43 +0000"
    },
    "done": true
  },
  "pfm:recipes/pfm.furniture/stone_chair_modern": {
    "criteria": {
      "stone_chair_modern": "2024-11-09 02:44:07 +0000"
    },
    "done": true
  },
  "minecraft:recipes/building_blocks/stone_brick_slab": {
    "criteria": {
      "has_stone_bricks": "2024-11-09 00:47:47 +0000"
    },
    "done": true
  },
  "minecraft:recipes/redstone/redstone_torch": {
    "criteria": {
      "has_redstone": "2024-11-09 01:24:40 +0000"
    },
    "done": true
  },
  "minecraft:husbandry/root": {
    "criteria": {
      "consumed_item": "2024-11-09 02:14:12 +0000"
    },
    "done": true
  },
  "pfm:recipes/pfm.furniture/light_wood_kitchen_counter_oven": {
    "criteria": {
      "has_planks": "2024-11-11 00:21:35 +0000"
    },
    "done": true
  },
  "pfm:recipes/pfm.furniture/light_wood_kitchen_counter": {
    "criteria": {
      "has_planks": "2024-11-11 00:21:35 +0000"
    },
    "done": true
  },
  "pfm:recipes/pfm.furniture/black_arm_chair": {
    "criteria": {
      "has_wool": "2024-11-09 03:08:25 +0000"
    },
    "done": true
  },
  "minecraft:recipes/transportation/birch_boat": {
    "criteria": {
      "in_water": "2024-11-09 01:30:55 +0000"
    },
    "done": true
  },
  "pfm:recipes/pfm.furniture/orange_arm_chair": {
    "criteria": {
      "has_wool": "2024-11-09 03:08:25 +0000"
    },
    "done": true
  },
  "pfm:recipes/pfm.furniture/purple_arm_chair": {
    "criteria": {
      "has_wool": "2024-11-09 03:08:25 +0000"
    },
    "done": true
  },
  "securitycraft:recipes/securitycraft/reinforced_purple_stained_glass_pane_from_glass": {
    "criteria": {
      "has_glass": "2024-11-09 02:28:43 +0000"
    },
    "done": true
  },
  "minecraft:recipes/building_blocks/quartz_stairs": {
    "criteria": {
      "has_quartz_block": "2024-11-11 00:21:35 +0000"
    },
    "done": true
  },
  "securitycraft:recipes/securitycraft/reinforced_brown_stained_glass_pane_from_dye": {
    "criteria": {
      "has_glass": "2024-11-09 02:28:43 +0000"
    },
    "done": true
  },
  "pfm:recipes/pfm.furniture/light_blue_simple_sofa": {
    "criteria": {
      "has_wool": "2024-11-09 03:08:25 +0000"
    },
    "done": true
  },
  "pfm:recipes/pfm.furniture/quartz_chair_dinner": {
    "criteria": {
      "quartz_chair_dinner": "2024-11-11 00:21:35 +0000"
    },
    "done": true
  },
  "pfm:recipes/pfm.furniture/gray_modern_stool": {
    "criteria": {
      "has_planks": "2024-11-09 01:44:23 +0000"
    },
    "done": true
  },
  "minecraft:recipes/transportation/acacia_boat": {
    "criteria": {
      "in_water": "2024-11-09 01:30:55 +0000"
    },
    "done": true
  },
  "minecraft:adventure/root": {
    "criteria": {
      "killed_something": "2024-11-09 01:44:46 +0000"
    },
    "done": true
  },
  "pfm:recipes/pfm.furniture/smooth_stone_kitchen_wall_drawer": {
    "criteria": {
      "has_planks": "2024-11-10 03:29:25 +0000"
    },
    "done": true
  },
  "securitycraft:recipes/securitycraft/reinforced_magenta_stained_glass_pane_from_glass": {
    "criteria": {
      "has_glass": "2024-11-09 02:28:43 +0000"
    },
    "done": true
  },
  "pfm:recipes/pfm.furniture/dark_wood_kitchen_wall_small_drawer": {
    "criteria": {
      "has_planks": "2024-11-11 00:21:35 +0000"
    },
    "done": true
  },
  "pfm:recipes/pfm.furniture/light_wood_table_classic": {
    "criteria": {
      "light_wood_table_classic": "2024-11-11 00:21:35 +0000"
    },
    "done": true
  },
  "pfm:recipes/pfm.furniture/stone_classic_nightstand": {
    "criteria": {
      "stone_classic_nightstand": "2024-11-09 02:44:07 +0000"
    },
    "done": true
  },
  "pfm:recipes/pfm.furniture/dark_oak_purple_classic_bed": {
    "criteria": {
      "has_bed": "2024-11-09 01:44:32 +0000"
    },
    "done": true
  },
  "pfm:recipes/pfm.furniture/light_gray_arm_chair": {
    "criteria": {
      "has_wool": "2024-11-09 03:08:25 +0000"
    },
    "done": true
  },
  "pfm:recipes/pfm.furniture/dark_wood_table_dinner": {
    "criteria": {
      "dark_wood_table_dinner": "2024-11-11 00:21:35 +0000"
    },
    "done": true
  },
  "pfm:recipes/pfm.furniture/smooth_stone_kitchen_cabinet": {
    "criteria": {
      "has_planks": "2024-11-10 03:29:25 +0000"
    },
    "done": true
  },
  "minecraft:recipes/building_blocks/stone_brick_stairs_from_stone_stonecutting": {
    "criteria": {
      "has_stone": "2024-11-09 02:44:07 +0000"
    },
    "done": true
  },
  "minecraft:recipes/tools/clock": {
    "criteria": {
      "has_redstone": "2024-11-09 01:24:40 +0000"
    },
    "done": true
  },
  "securitycraft:recipes/securitycraft/reinforced_yellow_stained_glass": {
    "criteria": {
      "has_glass": "2024-11-09 02:28:43 +0000"
    },
    "done": true
  },
  "pfm:recipes/pfm.furniture/dark_wood_kitchen_cabinet": {
    "criteria": {
      "has_planks": "2024-11-11 00:21:35 +0000"
    },
    "done": true
  },
  "pfm:recipes/pfm.furniture/quartz_classic_nightstand": {
    "criteria": {
      "quartz_classic_nightstand": "2024-11-11 00:21:35 +0000"
    },
    "done": true
  },
  "pfm:recipes/pfm.furniture/light_wood_kitchen_wall_small_drawer": {
    "criteria": {
      "has_planks": "2024-11-11 00:21:35 +0000"
    },
    "done": true
  },
  "minecraft:recipes/decorations/white_stained_glass_pane": {
    "criteria": {
      "has_glass": "2024-11-10 15:18:31 +0000"
    },
    "done": true
  },
  "minecraft:adventure/kill_all_mobs": {
    "criteria": {
      "minecraft:skeleton": "2024-11-09 01:44:46 +0000",
      "minecraft:creeper": "2024-11-09 02:24:45 +0000",
      "minecraft:zombie_villager": "2024-11-09 02:24:51 +0000"
    },
    "done": false
  },
  "minecraft:recipes/building_blocks/dark_oak_stairs": {
    "criteria": {
      "has_planks": "2024-11-11 00:14:16 +0000"
    },
    "done": true
  },
  "minecraft:recipes/building_blocks/chiseled_quartz_block_from_quartz_block_stonecutting": {
    "criteria": {
      "has_quartz_block": "2024-11-11 00:21:35 +0000"
    },
    "done": true
  },
  "minecraft:recipes/decorations/red_glazed_terracotta": {
    "criteria": {
      "has_red_terracotta": "2024-11-09 21:45:55 +0000"
    },
    "done": true
  },
  "minecraft:recipes/redstone/redstone_block": {
    "criteria": {
      "has_redstone": "2024-11-09 01:24:40 +0000"
    },
    "done": true
  },
  "pfm:recipes/pfm.furniture/orange_simple_sofa": {
    "criteria": {
      "has_wool": "2024-11-09 03:08:25 +0000"
    },
    "done": true
  },
  "minecraft:recipes/decorations/stone_brick_wall": {
    "criteria": {
      "has_stone_bricks": "2024-11-09 00:47:47 +0000"
    },
    "done": true
  },
  "pfm:recipes/pfm.furniture/oak_log_stool": {
    "criteria": {
      "has_log": "2024-11-09 03:08:25 +0000"
    },
    "done": true
  },
  "pfm:recipes/pfm.furniture/black_simple_sofa": {
    "criteria": {
      "has_wool": "2024-11-09 03:08:25 +0000"
    },
    "done": true
  },
  "pfm:recipes/pfm.furniture/dark_wood_simple_stool": {
    "criteria": {
      "has_planks": "2024-11-11 00:21:35 +0000"
    },
    "done": true
  },
  "minecraft:recipes/decorations/dark_oak_sign": {
    "criteria": {
      "has_dark_oak_planks": "2024-11-11 00:14:16 +0000"
    },
    "done": true
  },
  "pfm:recipes/pfm.furniture/crimson_purple_simple_bed": {
    "criteria": {
      "has_bed": "2024-11-09 01:44:32 +0000"
    },
    "done": true
  },
  "securitycraft:recipes/securitycraft/reinforced_cyan_stained_glass_pane_from_dye": {
    "criteria": {
      "has_glass": "2024-11-09 02:28:43 +0000"
    },
    "done": true
  },
  "minecraft:recipes/decorations/magenta_carpet_from_white_carpet": {
    "criteria": {
      "has_magenta_dye": "2024-11-11 00:10:16 +0000"
    },
    "done": true
  },
  "minecraft:recipes/redstone/dark_oak_fence_gate": {
    "criteria": {
      "has_planks": "2024-11-11 00:14:16 +0000"
    },
    "done": true
  },
  "pfm:recipes/pfm.furniture/quartz_table_modern_dinner": {
    "criteria": {
      "quartz_table_modern_dinner": "2024-11-11 00:21:35 +0000"
    },
    "done": true
  },
  "minecraft:recipes/misc/iron_nugget_from_smelting": {
    "criteria": {
      "has_iron_shovel": "2024-11-09 03:05:17 +0000"
    },
    "done": true
  },
  "pfm:recipes/pfm.furniture/dark_oak_classic_stool": {
    "criteria": {
      "has_planks": "2024-11-11 00:14:16 +0000"
    },
    "done": true
  },
  "pfm:recipes/pfm.furniture/dark_wood_chair_classic": {
    "criteria": {
      "dark_wood_chair_classic": "2024-11-11 00:21:35 +0000"
    },
    "done": true
  },
  "pfm:recipes/pfm.furniture/light_wood_kitchen_drawer": {
    "criteria": {
      "has_planks": "2024-11-11 00:21:35 +0000"
    },
    "done": true
  },
  "pfm:recipes/pfm.furniture/light_wood_kitchen_wall_counter": {
    "criteria": {
      "has_planks": "2024-11-11 00:21:35 +0000"
    },
    "done": true
  },
  "minecraft:recipes/building_blocks/quartz_pillar_from_quartz_block_stonecutting": {
    "criteria": {
      "has_quartz_block": "2024-11-11 00:21:35 +0000"
    },
    "done": true
  },
  "minecraft:recipes/building_blocks/smooth_quartz": {
    "criteria": {
      "has_quartz_block": "2024-11-11 00:21:35 +0000"
    },
    "done": true
  },
  "pfm:recipes/pfm.furniture/arm_chair_leather": {
    "criteria": {
      "has_wool": "2024-11-09 03:08:25 +0000"
    },
    "done": true
  },
  "pfm:recipes/pfm.furniture/dark_oak_kitchen_cabinet": {
    "criteria": {
      "has_planks": "2024-11-11 00:14:16 +0000"
    },
    "done": true
  },
  "pfm:recipes/pfm.furniture/dark_oak_kitchen_wall_counter": {
    "criteria": {
      "has_planks": "2024-11-11 00:14:16 +0000"
    },
    "done": true
  },
  "pfm:recipes/pfm.furniture/light_wood_table_basic": {
    "criteria": {
      "light_wood_table_basic": "2024-11-11 00:21:35 +0000"
    },
    "done": true
  },
  "minecraft:recipes/transportation/oak_boat": {
    "criteria": {
      "in_water": "2024-11-09 01:30:55 +0000"
    },
    "done": true
  },
  "securitycraft:recipes/securitycraft/reinforced_light_gray_stained_glass_pane_from_glass": {
    "criteria": {
      "has_glass": "2024-11-09 02:28:43 +0000"
    },
    "done": true
  },
  "securitycraft:recipes/securitycraft/reinforced_yellow_stained_glass_pane_from_glass": {
    "criteria": {
      "has_glass": "2024-11-09 02:28:43 +0000"
    },
    "done": true
  },
  "securitycraft:recipes/securitycraft/universal_block_modifier": {
    "criteria": {
      "has_redstone": "2024-11-09 01:24:40 +0000"
    },
    "done": true
  },
  "pfm:recipes/pfm.furniture/yellow_simple_sofa": {
    "criteria": {
      "has_wool": "2024-11-09 03:08:25 +0000"
    },
    "done": true
  },
  "minecraft:recipes/decorations/anvil": {
    "criteria": {
      "has_iron_block": "2024-11-09 00:47:04 +0000"
    },
    "done": true
  },
  "pfm:recipes/pfm.furniture/cyan_arm_chair": {
    "criteria": {
      "has_wool": "2024-11-09 03:08:25 +0000"
    },
    "done": true
  },
  "minecraft:recipes/misc/gold_ingot_from_gold_block": {
    "criteria": {
      "has_gold_block": "2024-11-09 03:20:44 +0000"
    },
    "done": true
  },
  "pfm:recipes/pfm.furniture/stone_simple_stool": {
    "criteria": {
      "has_planks": "2024-11-09 02:44:07 +0000"
    },
    "done": true
  },
  "securitycraft:recipes/securitycraft/secret_dark_oak_sign_item": {
    "criteria": {
      "has_sign": "2024-11-09 01:48:12 +0000"
    },
    "done": true
  },
  "pfm:recipes/pfm.furniture/glass_modern_pendant": {
    "criteria": {
      "has_white_stained_glass": "2024-11-10 15:18:31 +0000"
    },
    "done": true
  },
  "securitycraft:recipes/securitycraft/secret_crimson_sign_item": {
    "criteria": {
      "has_sign": "2024-11-09 01:48:12 +0000"
    },
    "done": true
  },
  "minecraft:recipes/building_blocks/stone_brick_stairs": {
    "criteria": {
      "has_stone_bricks": "2024-11-09 00:47:47 +0000"
    },
    "done": true
  },
  "securitycraft:recipes/securitycraft/reinforced_gray_stained_glass": {
    "criteria": {
      "has_glass": "2024-11-09 02:28:43 +0000"
    },
    "done": true
  },
  "pfm:recipes/pfm.furniture/xbox_fridge": {
    "criteria": {
      "has_black_concrete": "2024-11-10 15:34:24 +0000"
    },
    "done": true
  },
  "minecraft:recipes/decorations/magenta_stained_glass_pane_from_glass_pane": {
    "criteria": {
      "has_magenta_dye": "2024-11-11 00:10:16 +0000"
    },
    "done": true
  },
  "pfm:recipes/pfm.furniture/stone_chair_dinner": {
    "criteria": {
      "stone_chair_dinner": "2024-11-09 02:44:07 +0000"
    },
    "done": true
  },
  "pfm:recipes/pfm.furniture/dark_oak_table_classic": {
    "criteria": {
      "has_planks": "2024-11-11 00:14:16 +0000"
    },
    "done": true
  },
  "pfm:recipes/pfm.furniture/dark_wood_chair": {
    "criteria": {
      "dark_wood_chair": "2024-11-11 00:21:35 +0000"
    },
    "done": true
  },
  "pfm:recipes/pfm.furniture/stone_table_dinner": {
    "criteria": {
      "stone_table_dinner": "2024-11-09 02:44:07 +0000"
    },
    "done": true
  },
  "securitycraft:recipes/securitycraft/claymore": {
    "criteria": {
      "has_redstone": "2024-11-09 01:24:40 +0000"
    },
    "done": true
  },
  "pfm:recipes/pfm.furniture/spruce_log_stool": {
    "criteria": {
      "has_log": "2024-11-11 00:07:01 +0000"
    },
    "done": true
  },
  "pfm:recipes/pfm.furniture/pink_arm_chair": {
    "criteria": {
      "has_wool": "2024-11-09 03:08:25 +0000"
    },
    "done": true
  },
  "pfm:recipes/pfm.furniture/dark_wood_classic_nightstand": {
    "criteria": {
      "dark_wood_classic_nightstand": "2024-11-11 00:21:35 +0000"
    },
    "done": true
  },
  "securitycraft:recipes/securitycraft/secret_warped_sign_item": {
    "criteria": {
      "has_sign": "2024-11-09 01:48:12 +0000"
    },
    "done": true
  },
  "securitycraft:recipes/securitycraft/reinforced_cyan_stained_glass": {
    "criteria": {
      "has_glass": "2024-11-09 02:28:43 +0000"
    },
    "done": true
  },
  "pfm:recipes/pfm.furniture/white_arm_chair": {
    "criteria": {
      "has_wool": "2024-11-09 03:08:25 +0000"
    },
    "done": true
  },
  "pfm:recipes/pfm.furniture/blue_arm_chair": {
    "criteria": {
      "has_wool": "2024-11-09 03:08:25 +0000"
    },
    "done": true
  },
  "minecraft:recipes/building_blocks/stone_bricks_from_stone_stonecutting": {
    "criteria": {
      "has_stone": "2024-11-09 02:44:07 +0000"
    },
    "done": true
  },
  "pfm:recipes/pfm.furniture/dark_oak_chair_modern": {
    "criteria": {
      "has_planks": "2024-11-11 00:14:16 +0000"
    },
    "done": true
  },
  "pfm:recipes/pfm.furniture/spruce_purple_simple_bed": {
    "criteria": {
      "has_bed": "2024-11-09 01:44:32 +0000"
    },
    "done": true
  },
  "pfm:recipes/pfm.furniture/light_gray_simple_sofa": {
    "criteria": {
      "has_wool": "2024-11-09 03:08:25 +0000"
    },
    "done": true
  },
  "pfm:recipes/pfm.furniture/dark_wood_kitchen_wall_drawer": {
    "criteria": {
      "has_planks": "2024-11-11 00:21:35 +0000"
    },
    "done": true
  },
  "pfm:recipes/pfm.furniture/stone_kitchen_counter": {
    "criteria": {
      "has_planks": "2024-11-09 02:44:07 +0000"
    },
    "done": true
  },
  "pfm:recipes/pfm.furniture/white_mirror": {
    "criteria": {
      "has_white_concrete": "2024-11-10 03:29:25 +0000"
    },
    "done": true
  },
  "pfm:recipes/pfm.furniture/white_modern_pendant": {
    "criteria": {
      "has_white_concrete": "2024-11-10 03:29:25 +0000"
    },
    "done": true
  },
  "pfm:recipes/pfm.furniture/light_wood_chair_dinner": {
    "criteria": {
      "light_wood_chair_dinner": "2024-11-11 00:21:35 +0000"
    },
    "done": true
  },
  "minecraft:recipes/decorations/stone_brick_wall_from_stone_bricks_stonecutting": {
    "criteria": {
      "has_stone_bricks": "2024-11-09 00:47:47 +0000"
    },
    "done": true
  },
  "pfm:recipes/pfm.furniture/red_arm_chair": {
    "criteria": {
      "has_wool": "2024-11-09 03:08:25 +0000"
    },
    "done": true
  },
  "pfm:recipes/pfm.furniture/smooth_stone_kitchen_drawer": {
    "criteria": {
      "has_planks": "2024-11-10 03:29:24 +0000"
    },
    "done": true
  },
  "pfm:recipes/pfm.furniture/dark_oak_simple_stool": {
    "criteria": {
      "has_planks": "2024-11-11 00:14:16 +0000"
    },
    "done": true
  },
  "securitycraft:recipes/securitycraft/universal_key_changer": {
    "criteria": {
      "has_redstone": "2024-11-09 01:24:40 +0000"
    },
    "done": true
  },
  "minecraft:recipes/building_blocks/chiseled_stone_bricks_from_stone_bricks_stonecutting": {
    "criteria": {
      "has_stone_bricks": "2024-11-09 00:47:47 +0000"
    },
    "done": true
  },
  "minecraft:nether/create_beacon": {
    "criteria": {
      "beacon": "2024-11-09 02:28:01 +0000"
    },
    "done": true
  },
  "pfm:recipes/pfm.furniture/warped_purple_classic_bed": {
    "criteria": {
      "has_bed": "2024-11-09 01:44:32 +0000"
    },
    "done": true
  },
  "securitycraft:recipes/securitycraft/reinforced_glass_pane": {
    "criteria": {
      "has_glass": "2024-11-09 02:28:43 +0000"
    },
    "done": true
  },
  "minecraft:recipes/building_blocks/quartz_slab": {
    "criteria": {
      "has_quartz_block": "2024-11-11 00:21:35 +0000"
    },
    "done": true
  },
  "securitycraft:recipes/securitycraft/reinforced_brown_stained_glass_pane_from_glass": {
    "criteria": {
      "has_glass": "2024-11-09 02:28:43 +0000"
    },
    "done": true
  },
  "pfm:recipes/pfm.furniture/basic_plate": {
    "criteria": {
      "has_white_concrete": "2024-11-10 03:29:25 +0000"
    },
    "done": true
  },
  "securitycraft:recipes/securitycraft/reinforced_black_stained_glass_pane_from_glass": {
    "criteria": {
      "has_glass": "2024-11-09 02:28:43 +0000"
    },
    "done": true
  },
  "pfm:recipes/pfm.furniture/basic_toilet": {
    "criteria": {
      "has_quartz_block": "2024-11-11 00:21:35 +0000"
    },
    "done": true
  },
  "minecraft:recipes/decorations/blue_glazed_terracotta": {
    "criteria": {
      "has_blue_terracotta": "2024-11-09 01:18:15 +0000"
    },
    "done": true
  },
  "securitycraft:recipes/securitycraft/sc_manual": {
    "criteria": {
      "has_wood": "2024-11-09 03:08:25 +0000"
    },
    "done": true
  },
  "pfm:recipes/pfm.furniture/birch_purple_classic_bed": {
    "criteria": {
      "has_bed": "2024-11-09 01:44:32 +0000"
    },
    "done": true
  },
  "minecraft:recipes/building_blocks/stone_slab": {
    "criteria": {
      "has_stone": "2024-11-09 02:44:07 +0000"
    },
    "done": true
  },
  "minecraft:recipes/building_blocks/spruce_wood": {
    "criteria": {
      "has_log": "2024-11-11 00:07:01 +0000"
    },
    "done": true
  },
  "pfm:recipes/pfm.furniture/stone_table_modern_dinner": {
    "criteria": {
      "stone_table_modern_dinner": "2024-11-09 02:44:07 +0000"
    },
    "done": true
  },
  "pfm:recipes/pfm.furniture/dark_wood_table_basic": {
    "criteria": {
      "dark_wood_table_basic": "2024-11-11 00:21:35 +0000"
    },
    "done": true
  },
  "securitycraft:recipes/securitycraft/reinforced_yellow_stained_glass_pane_from_dye": {
    "criteria": {
      "has_glass": "2024-11-09 02:28:43 +0000"
    },
    "done": true
  },
  "pfm:recipes/pfm.furniture/white_fridge": {
    "criteria": {
      "has_white_concrete": "2024-11-10 03:29:24 +0000"
    },
    "done": true
  },
  "securitycraft:recipes/securitycraft/username_logger": {
    "criteria": {
      "has_redstone": "2024-11-09 01:24:40 +0000"
    },
    "done": true
  },
  "pfm:recipes/pfm.furniture/stone_modern_stool": {
    "criteria": {
      "has_planks": "2024-11-09 02:44:07 +0000"
    },
    "done": true
  },
  "pfm:recipes/pfm.furniture/dark_oak_classic_nightstand": {
    "criteria": {
      "has_planks": "2024-11-11 00:14:16 +0000"
    },
    "done": true
  },
  "minecraft:recipes/building_blocks/oak_planks": {
    "criteria": {
      "has_logs": "2024-11-09 03:08:25 +0000"
    },
    "done": true
  },
  "minecraft:recipes/decorations/yellow_glazed_terracotta": {
    "criteria": {
      "has_yellow_terracotta": "2024-11-09 21:45:58 +0000"
    },
    "done": true
  },
  "securitycraft:recipes/securitycraft/cage_trap": {
    "criteria": {
      "has_redstone": "2024-11-09 01:24:40 +0000"
    },
    "done": true
  },
  "pfm:recipes/pfm.furniture/acacia_purple_classic_bed": {
    "criteria": {
      "has_bed": "2024-11-09 01:44:32 +0000"
    },
    "done": true
  },
  "pfm:recipes/pfm.furniture/concrete_kitchen_drawer": {
    "criteria": {
      "has_planks": "2024-11-10 03:29:25 +0000"
    },
    "done": true
  },
  "securitycraft:recipes/securitycraft/universal_block_reinforcer_lvl2": {
    "criteria": {
      "has_redstone": "2024-11-09 01:24:40 +0000"
    },
    "done": true
  },
  "securitycraft:recipes/securitycraft/universal_block_reinforcer_lvl1": {
    "criteria": {
      "has_redstone": "2024-11-09 01:24:40 +0000"
    },
    "done": true
  },
  "securitycraft:recipes/securitycraft/universal_block_reinforcer_lvl3": {
    "criteria": {
      "has_redstone": "2024-11-09 01:24:40 +0000"
    },
    "done": true
  },
  "pfm:recipes/pfm.furniture/green_simple_sofa": {
    "criteria": {
      "has_wool": "2024-11-09 03:08:25 +0000"
    },
    "done": true
  },
  "pfm:recipes/pfm.furniture/dark_wood_kitchen_sink": {
    "criteria": {
      "has_planks": "2024-11-11 00:21:35 +0000"
    },
    "done": true
  },
  "pfm:recipes/pfm.furniture/stone_kitchen_drawer": {
    "criteria": {
      "has_planks": "2024-11-09 02:44:07 +0000"
    },
    "done": true
  },
  "minecraft:recipes/building_blocks/quartz_slab_from_stonecutting": {
    "criteria": {
      "has_quartz_block": "2024-11-11 00:21:35 +0000"
    },
    "done": true
  },
  "securitycraft:recipes/securitycraft/reinforced_black_stained_glass": {
    "criteria": {
      "has_glass": "2024-11-09 02:28:43 +0000"
    },
    "done": true
  },
  "pfm:recipes/pfm.furniture/basic_sink": {
    "criteria": {
      "has_quartz_block": "2024-11-11 00:21:35 +0000"
    },
    "done": true
  },
  "minecraft:recipes/misc/bone_meal": {
    "criteria": {
      "has_bone": "2024-11-09 02:24:40 +0000"
    },
    "done": true
  },
  "pfm:recipes/pfm.furniture/stone_kitchen_counter_oven": {
    "criteria": {
      "has_planks": "2024-11-09 02:44:07 +0000"
    },
    "done": true
  },
  "minecraft:recipes/building_blocks/chiseled_quartz_block": {
    "criteria": {
      "has_quartz_block": "2024-11-11 00:21:35 +0000"
    },
    "done": true
  },
  "securitycraft:recipes/securitycraft/laser_block": {
    "criteria": {
      "has_stone": "2024-11-09 02:44:07 +0000"
    },
    "done": true
  },
  "pfm:recipes/pfm.furniture/dark_wood_chair_modern": {
    "criteria": {
      "dark_wood_chair_modern": "2024-11-11 00:21:35 +0000"
    },
    "done": true
  },
  "pfm:recipes/pfm.furniture/white_freezer": {
    "criteria": {
      "has_white_concrete": "2024-11-10 03:29:25 +0000"
    },
    "done": true
  },
  "minecraft:recipes/building_blocks/oak_wood": {
    "criteria": {
      "has_log": "2024-11-09 03:08:25 +0000"
    },
    "done": true
  },
  "minecraft:recipes/redstone/stone_button": {
    "criteria": {
      "has_stone": "2024-11-09 02:44:07 +0000"
    },
    "done": true
  },
  "minecraft:recipes/redstone/dropper": {
    "criteria": {
      "has_redstone": "2024-11-09 01:24:40 +0000"
    },
    "done": true
  },
  "pfm:recipes/pfm.furniture/stone_kitchen_sink": {
    "criteria": {
      "has_planks": "2024-11-09 02:44:07 +0000"
    },
    "done": true
  },
  "minecraft:recipes/redstone/dark_oak_trapdoor": {
    "criteria": {
      "has_planks": "2024-11-11 00:14:16 +0000"
    },
    "done": true
  },
  "pfm:recipes/pfm.furniture/light_wood_kitchen_wall_drawer": {
    "criteria": {
      "has_planks": "2024-11-11 00:21:35 +0000"
    },
    "done": true
  },
  "securitycraft:recipes/securitycraft/portable_tune_player": {
    "criteria": {
      "has_redstone": "2024-11-09 01:24:40 +0000"
    },
    "done": true
  },
  "securitycraft:recipes/securitycraft/reinforced_blue_stained_glass": {
    "criteria": {
      "has_glass": "2024-11-09 02:28:43 +0000"
    },
    "done": true
  },
  "minecraft:recipes/misc/iron_nugget_from_blasting": {
    "criteria": {
      "has_iron_shovel": "2024-11-09 03:05:17 +0000"
    },
    "done": true
  },
  "pfm:grant_book_on_first_join": {
    "criteria": {
      "tick": "2024-11-09 00:37:05 +0000"
    },
    "done": true
  },
  "securitycraft:recipes/securitycraft/reinforced_light_gray_stained_glass_pane_from_dye": {
    "criteria": {
      "has_glass": "2024-11-09 02:28:43 +0000"
    },
    "done": true
  },
  "securitycraft:recipes/securitycraft/reinforced_brown_stained_glass": {
    "criteria": {
      "has_glass": "2024-11-09 02:28:43 +0000"
    },
    "done": true
  },
  "minecraft:recipes/tools/compass": {
    "criteria": {
      "has_redstone": "2024-11-09 01:24:40 +0000"
    },
    "done": true
  },
  "pfm:recipes/pfm.furniture/dark_wood_kitchen_counter": {
    "criteria": {
      "has_planks": "2024-11-11 00:21:35 +0000"
    },
    "done": true
  },
  "minecraft:adventure/kill_a_mob": {
    "criteria": {
      "minecraft:skeleton": "2024-11-09 01:44:46 +0000"
    },
    "done": true
  },
  "securitycraft:recipes/securitycraft/secret_acacia_sign_item": {
    "criteria": {
      "has_sign": "2024-11-09 01:48:12 +0000"
    },
    "done": true
  },
  "pfm:recipes/pfm.furniture/light_wood_table_modern_dinner": {
    "criteria": {
      "light_wood_table_modern_dinner": "2024-11-11 00:21:35 +0000"
    },
    "done": true
  },
  "securitycraft:recipes/securitycraft/reinforced_orange_stained_glass_pane_from_dye": {
    "criteria": {
      "has_glass": "2024-11-09 02:28:43 +0000"
    },
    "done": true
  },
  "securitycraft:recipes/securitycraft/reinforced_magenta_stained_glass": {
    "criteria": {
      "has_glass": "2024-11-09 02:28:43 +0000"
    },
    "done": true
  },
  "pfm:recipes/pfm.furniture/concrete_kitchen_wall_counter": {
    "criteria": {
      "has_planks": "2024-11-10 03:29:25 +0000"
    },
    "done": true
  },
  "pfm:recipes/pfm.furniture/dark_oak_kitchen_counter": {
    "criteria": {
      "has_planks": "2024-11-11 00:14:16 +0000"
    },
    "done": true
  },
  "pfm:recipes/pfm.furniture/quartz_table_classic": {
    "criteria": {
      "quartz_table_classic": "2024-11-11 00:21:35 +0000"
    },
    "done": true
  },
  "minecraft:recipes/redstone/dark_oak_pressure_plate": {
    "criteria": {
      "has_planks": "2024-11-11 00:14:16 +0000"
    },
    "done": true
  },
  "securitycraft:recipes/securitycraft/reinforced_pink_stained_glass": {
    "criteria": {
      "has_glass": "2024-11-09 02:28:43 +0000"
    },
    "done": true
  },
  "minecraft:recipes/decorations/stonecutter": {
    "criteria": {
      "has_stone": "2024-11-09 02:44:07 +0000"
    },
    "done": true
  },
  "minecraft:recipes/decorations/lime_glazed_terracotta": {
    "criteria": {
      "has_lime_terracotta": "2024-11-09 03:16:45 +0000"
    },
    "done": true
  },
  "pfm:recipes/pfm.furniture/stone_classic_stool": {
    "criteria": {
      "has_planks": "2024-11-09 02:44:07 +0000"
    },
    "done": true
  },
  "minecraft:adventure/adventuring_time": {
    "criteria": {
      "minecraft:mountains": "2024-11-10 15:55:33 +0000",
      "minecraft:taiga": "2024-11-09 03:01:57 +0000",
      "minecraft:warm_ocean": "2024-11-09 03:09:53 +0000",
      "minecraft:deep_lukewarm_ocean": "2024-11-09 03:09:50 +0000",
      "minecraft:beach": "2024-11-09 00:39:16 +0000",
      "minecraft:river": "2024-11-09 02:42:13 +0000",
      "minecraft:lukewarm_ocean": "2024-11-09 02:41:55 +0000",
      "minecraft:wooded_hills": "2024-11-09 02:42:34 +0000",
      "minecraft:stone_shore": "2024-11-10 15:53:12 +0000",
      "minecraft:plains": "2024-11-09 00:37:05 +0000"
    },
    "done": false
  },
  "pfm:recipes/pfm.furniture/light_wood_table_dinner": {
    "criteria": {
      "light_wood_table_dinner": "2024-11-11 00:21:35 +0000"
    },
    "done": true
  },
  "pfm:recipes/pfm.furniture/dark_wood_kitchen_counter_oven": {
    "criteria": {
      "has_planks": "2024-11-11 00:21:35 +0000"
    },
    "done": true
  },
  "securitycraft:recipes/securitycraft/reinforced_purple_stained_glass": {
    "criteria": {
      "has_glass": "2024-11-09 02:28:43 +0000"
    },
    "done": true
  },
  "pfm:recipes/pfm.furniture/stone_kitchen_cabinet": {
    "criteria": {
      "has_planks": "2024-11-09 02:44:07 +0000"
    },
    "done": true
  },
  "pfm:recipes/pfm.furniture/light_wood_kitchen_sink": {
    "criteria": {
      "has_planks": "2024-11-11 00:21:35 +0000"
    },
    "done": true
  },
  "pfm:recipes/pfm.furniture/crimson_purple_classic_bed": {
    "criteria": {
      "has_bed": "2024-11-09 01:44:32 +0000"
    },
    "done": true
  },
  "pfm:recipes/pfm.furniture/light_wood_modern_stool": {
    "criteria": {
      "has_planks": "2024-11-11 00:21:35 +0000"
    },
    "done": true
  },
  "pfm:recipes/pfm.furniture/dark_wood_table_natural": {
    "criteria": {
      "dark_wood_table_natural": "2024-11-11 00:21:35 +0000"
    },
    "done": true
  },
  "pfm:recipes/pfm.furniture/quartz_chair_modern": {
    "criteria": {
      "quartz_chair_modern": "2024-11-11 00:21:35 +0000"
    },
    "done": true
  },
  "pfm:recipes/pfm.furniture/red_simple_sofa": {
    "criteria": {
      "has_wool": "2024-11-09 03:08:25 +0000"
    },
    "done": true
  },
  "pfm:recipes/pfm.furniture/pink_simple_sofa": {
    "criteria": {
      "has_wool": "2024-11-09 03:08:25 +0000"
    },
    "done": true
  },
  "minecraft:recipes/decorations/barrel": {
    "criteria": {
      "has_planks": "2024-11-11 00:14:16 +0000"
    },
    "done": true
  },
  "pfm:recipes/pfm.furniture/light_wood_chair": {
    "criteria": {
      "light_wood_chair": "2024-11-11 00:21:35 +0000"
    },
    "done": true
  },
  "securitycraft:recipes/securitycraft/reinforced_pink_stained_glass_pane_from_dye": {
    "criteria": {
      "has_glass": "2024-11-09 02:28:43 +0000"
    },
    "done": true
  },
  "pfm:recipes/pfm.furniture/birch_purple_simple_bed": {
    "criteria": {
      "has_bed": "2024-11-09 01:44:32 +0000"
    },
    "done": true
  },
  "minecraft:recipes/building_blocks/quartz_bricks": {
    "criteria": {
      "has_quartz_block": "2024-11-11 00:21:35 +0000"
    },
    "done": true
  },
  "pfm:recipes/pfm.furniture/stone_kitchen_wall_drawer": {
    "criteria": {
      "has_planks": "2024-11-09 02:44:07 +0000"
    },
    "done": true
  },
  "pfm:recipes/pfm.furniture/smooth_stone_kitchen_counter": {
    "criteria": {
      "has_planks": "2024-11-10 03:29:25 +0000"
    },
    "done": true
  },
  "pfm:recipes/pfm.furniture/dark_oak_kitchen_wall_small_drawer": {
    "criteria": {
      "has_planks": "2024-11-11 00:14:16 +0000"
    },
    "done": true
  },
  "minecraft:recipes/redstone/stone_pressure_plate": {
    "criteria": {
      "has_stone": "2024-11-09 02:44:07 +0000"
    },
    "done": true
  },
  "securitycraft:recipes/securitycraft/reinforced_lime_stained_glass_pane_from_dye": {
    "criteria": {
      "has_glass": "2024-11-09 02:28:43 +0000"
    },
    "done": true
  },
  "pfm:recipes/pfm.furniture/quartz_classic_stool": {
    "criteria": {
      "has_planks": "2024-11-11 00:21:35 +0000"
    },
    "done": true
  },
  "minecraft:recipes/transportation/jungle_boat": {
    "criteria": {
      "in_water": "2024-11-09 01:30:55 +0000"
    },
    "done": true
  },
  "securitycraft:recipes/securitycraft/reinforced_magenta_stained_glass_pane_from_dye": {
    "criteria": {
      "has_glass": "2024-11-09 02:28:43 +0000"
    },
    "done": true
  },
  "pfm:recipes/pfm.furniture/yellow_arm_chair": {
    "criteria": {
      "has_wool": "2024-11-09 03:08:25 +0000"
    },
    "done": true
  },
  "minecraft:recipes/misc/iron_ingot_from_iron_block": {
    "criteria": {
      "has_iron_block": "2024-11-09 00:47:04 +0000"
    },
    "done": true
  },
  "minecraft:recipes/decorations/stone_brick_walls_from_stone_stonecutting": {
    "criteria": {
      "has_stone": "2024-11-09 02:44:07 +0000"
    },
    "done": true
  },
  "pfm:recipes/pfm.furniture/dark_wood_table_classic": {
    "criteria": {
      "dark_wood_table_classic": "2024-11-11 00:21:35 +0000"
    },
    "done": true
  },
  "minecraft:recipes/transportation/dark_oak_boat": {
    "criteria": {
      "in_water": "2024-11-09 01:30:55 +0000"
    },
    "done": true
  },
  "pfm:recipes/pfm.furniture/concrete_kitchen_cabinet": {
    "criteria": {
      "has_planks": "2024-11-10 03:29:25 +0000"
    },
    "done": true
  },
  "minecraft:recipes/building_blocks/quartz_bricks_from_quartz_block_stonecutting": {
    "criteria": {
      "has_quartz_block": "2024-11-11 00:21:35 +0000"
    },
    "done": true
  },
  "pfm:recipes/pfm.furniture/oak_purple_simple_bed": {
    "criteria": {
      "has_bed": "2024-11-09 01:44:32 +0000"
    },
    "done": true
  },
  "pfm:recipes/root": {
    "criteria": {
      "has_planks": "2024-11-11 00:14:16 +0000"
    },
    "done": true
  },
  "pfm:recipes/pfm.furniture/basic_bathtub": {
    "criteria": {
      "has_quartz_block": "2024-11-11 00:21:35 +0000"
    },
    "done": true
  },
  "pfm:recipes/pfm.furniture/concrete_kitchen_sink": {
    "criteria": {
      "has_planks": "2024-11-10 03:29:25 +0000"
    },
    "done": true
  },
  "pfm:recipes/pfm.furniture/concrete_kitchen_wall_drawer": {
    "criteria": {
      "has_planks": "2024-11-10 03:29:25 +0000"
    },
    "done": true
  },
  "pfm:recipes/pfm.furniture/dark_oak_kitchen_sink": {
    "criteria": {
      "has_planks": "2024-11-11 00:14:16 +0000"
    },
    "done": true
  },
  "pfm:recipes/pfm.furniture/dark_oak_modern_stool": {
    "criteria": {
      "has_planks": "2024-11-11 00:14:16 +0000"
    },
    "done": true
  },
  "securitycraft:recipes/securitycraft/reinforced_white_stained_glass": {
    "criteria": {
      "has_glass": "2024-11-09 02:28:43 +0000"
    },
    "done": true
  },
  "minecraft:recipes/misc/mojang_banner_pattern": {
    "criteria": {
      "has_enchanted_golden_apple": "2024-11-11 00:33:04 +0000"
    },
    "done": true
  },
  "minecraft:recipes/redstone/piston": {
    "criteria": {
      "has_redstone": "2024-11-09 01:24:40 +0000"
    },
    "done": true
  },
  "pfm:recipes/pfm.furniture/spruce_raw_table_log": {
    "criteria": {
      "has_log": "2024-11-11 00:07:01 +0000"
    },
    "done": true
  },
  "pfm:recipes/pfm.furniture/dark_oak_chair_classic": {
    "criteria": {
      "has_planks": "2024-11-11 00:14:16 +0000"
    },
    "done": true
  },
  "pfm:recipes/pfm.furniture/brown_simple_sofa": {
    "criteria": {
      "has_wool": "2024-11-09 03:08:25 +0000"
    },
    "done": true
  },
  "pfm:recipes/pfm.furniture/dark_wood_modern_stool": {
    "criteria": {
      "has_planks": "2024-11-11 00:21:35 +0000"
    },
    "done": true
  },
  "minecraft:recipes/building_blocks/stone_stairs": {
    "criteria": {
      "has_stone": "2024-11-09 02:44:07 +0000"
    },
    "done": true
  },
  "securitycraft:recipes/securitycraft/secret_birch_sign_item": {
    "criteria": {
      "has_sign": "2024-11-09 01:48:12 +0000"
    },
    "done": true
  },
  "pfm:recipes/pfm.furniture/lime_arm_chair": {
    "criteria": {
      "has_wool": "2024-11-09 03:08:25 +0000"
    },
    "done": true
  },
  "pfm:recipes/pfm.furniture/gray_arm_chair": {
    "criteria": {
      "has_wool": "2024-11-09 03:08:25 +0000"
    },
    "done": true
  },
  "securitycraft:recipes/securitycraft/reinforced_pink_stained_glass_pane_from_glass": {
    "criteria": {
      "has_glass": "2024-11-09 02:28:43 +0000"
    },
    "done": true
  },
  "pfm:recipes/pfm.furniture/quartz_table_natural": {
    "criteria": {
      "quartz_table_natural": "2024-11-11 00:21:35 +0000"
    },
    "done": true
  },
  "pfm:recipes/pfm.furniture/dark_wood_kitchen_wall_counter": {
    "criteria": {
      "has_planks": "2024-11-11 00:21:35 +0000"
    },
    "done": true
  },
  "pfm:recipes/pfm.furniture/warped_purple_simple_bed": {
    "criteria": {
      "has_bed": "2024-11-09 01:44:32 +0000"
    },
    "done": true
  },
  "minecraft:recipes/misc/diamond": {
    "criteria": {
      "has_diamond_block": "2024-11-09 02:27:15 +0000"
    },
    "done": true
  },
  "minecraft:recipes/decorations/dark_oak_fence": {
    "criteria": {
      "has_planks": "2024-11-11 00:14:16 +0000"
    },
    "done": true
  },
  "pfm:recipes/pfm.furniture/smooth_stone_kitchen_wall_small_drawer": {
    "criteria": {
      "has_planks": "2024-11-10 03:29:25 +0000"
    },
    "done": true
  },
  "pfm:recipes/pfm.furniture/dark_wood_classic_stool": {
    "criteria": {
      "has_planks": "2024-11-11 00:21:35 +0000"
    },
    "done": true
  },
  "pfm:recipes/pfm.furniture/quartz_modern_stool": {
    "criteria": {
      "has_planks": "2024-11-11 00:21:35 +0000"
    },
    "done": true
  },
  "securitycraft:recipes/securitycraft/reinforced_lime_stained_glass_pane_from_glass": {
    "criteria": {
      "has_glass": "2024-11-09 02:28:43 +0000"
    },
    "done": true
  },
  "pfm:recipes/pfm.furniture/light_wood_chair_modern": {
    "criteria": {
      "light_wood_chair_modern": "2024-11-11 00:21:35 +0000"
    },
    "done": true
  },
  "pfm:recipes/pfm.furniture/concrete_kitchen_counter_oven": {
    "criteria": {
      "has_planks": "2024-11-10 03:29:25 +0000"
    },
    "done": true
  },
  "pfm:recipes/pfm.furniture/smooth_stone_kitchen_wall_counter": {
    "criteria": {
      "has_planks": "2024-11-10 03:29:25 +0000"
    },
    "done": true
  },
  "securitycraft:recipes/securitycraft/alarm": {
    "criteria": {
      "has_redstone": "2024-11-09 01:24:40 +0000"
    },
    "done": true
  },
  "securitycraft:recipes/securitycraft/secret_sign_item": {
    "criteria": {
      "has_sign": "2024-11-09 01:48:12 +0000"
    },
    "done": true
  },
  "securitycraft:recipes/securitycraft/reinforced_cyan_stained_glass_pane_from_glass": {
    "criteria": {
      "has_glass": "2024-11-09 02:28:43 +0000"
    },
    "done": true
  },
  "pfm:recipes/pfm.furniture/dark_oak_chair": {
    "criteria": {
      "has_planks": "2024-11-11 00:14:16 +0000"
    },
    "done": true
  },
  "pfm:recipes/pfm.furniture/white_oven_range_hood": {
    "criteria": {
      "has_white_concrete": "2024-11-10 03:29:25 +0000"
    },
    "done": true
  },
  "pfm:recipes/pfm.furniture/light_blue_arm_chair": {
    "criteria": {
      "has_wool": "2024-11-09 03:08:25 +0000"
    },
    "done": true
  },
  "DataVersion": 2586
}