{
  "securitycraft:recipes/securitycraft/universal_block_remover": {
    "criteria": {
      "has_iron": "2024-11-12 21:58:09 +0000"
    },
    "done": true
  },
  "minecraft:recipes/decorations/purple_stained_glass_pane": {
    "criteria": {
      "has_glass": "2024-11-09 02:28:43 +0000"
    },
    "done": true
  },
  "minecraft:recipes/building_blocks/black_stained_glass": {
    "criteria": {
      "has_glass": "2024-11-12 22:07:02 +0000"
    },
    "done": true
  },
  "securitycraft:recipes/securitycraft/reinforced_purple_stained_glass_pane_from_dye": {
    "criteria": {
      "has_glass": "2024-11-09 02:28:43 +0000"
    },
    "done": true
  },
  "pfm:recipes/pfm.furniture/jungle_purple_simple_bed": {
    "criteria": {
      "has_bed": "2024-11-09 01:44:32 +0000"
    },
    "done": true
  },
  "minecraft:recipes/redstone/lever": {
    "criteria": {
      "has_cobblestone": "2024-11-12 22:08:06 +0000"
    },
    "done": true
  },
  "pfm:recipes/pfm.furniture/dark_concrete_kitchen_counter_oven": {
    "criteria": {
      "has_planks": "2024-11-12 23:23:11 +0000"
    },
    "done": true
  },
  "pfm:recipes/pfm.furniture/spruce_purple_classic_bed": {
    "criteria": {
      "has_bed": "2024-11-09 01:44:32 +0000"
    },
    "done": true
  },
  "minecraft:recipes/combat/iron_sword": {
    "criteria": {
      "has_iron_ingot": "2024-11-12 21:58:09 +0000"
    },
    "done": true
  },
  "minecraft:recipes/building_blocks/stone_bricks": {
    "criteria": {
      "has_stone": "2024-11-09 02:44:07 +0000"
    },
    "done": true
  },
  "minecraft:recipes/redstone/spruce_door": {
    "criteria": {
      "has_planks": "2024-11-12 22:10:46 +0000"
    },
    "done": true
  },
  "pfm:recipes/pfm.furniture/brown_arm_chair": {
    "criteria": {
      "has_wool": "2024-11-09 03:08:25 +0000"
    },
    "done": true
  },
  "pfm:recipes/pfm.furniture/crimson_table_dinner": {
    "criteria": {
      "has_planks": "2024-11-12 22:36:12 +0000"
    },
    "done": true
  },
  "minecraft:recipes/building_blocks/lime_concrete_powder": {
    "criteria": {
      "has_sand": "2024-11-11 01:48:27 +0000"
    },
    "done": true
  },
  "securitycraft:recipes/securitycraft/sentry": {
    "criteria": {
      "has_iron": "2024-11-12 21:58:09 +0000"
    },
    "done": true
  },
  "pfm:recipes/pfm.furniture/crimson_modern_stool": {
    "criteria": {
      "has_planks": "2024-11-12 22:36:12 +0000"
    },
    "done": true
  },
  "pfm:recipes/pfm.furniture/dark_oak_chair_dinner": {
    "criteria": {
      "has_planks": "2024-11-11 00:14:16 +0000"
    },
    "done": true
  },
  "minecraft:recipes/building_blocks/chiseled_stone_bricks": {
    "criteria": {
      "has_stone_bricks": "2024-11-09 00:47:47 +0000"
    },
    "done": true
  },
  "minecraft:recipes/tools/iron_pickaxe": {
    "criteria": {
      "has_iron_ingot": "2024-11-12 21:58:09 +0000"
    },
    "done": true
  },
  "minecraft:recipes/building_blocks/gray_stained_glass": {
    "criteria": {
      "has_glass": "2024-11-12 22:07:02 +0000"
    },
    "done": true
  },
  "minecraft:recipes/building_blocks/yellow_concrete_powder": {
    "criteria": {
      "has_sand": "2024-11-11 01:48:27 +0000"
    },
    "done": true
  },
  "minecraft:recipes/redstone/spruce_fence_gate": {
    "criteria": {
      "has_planks": "2024-11-12 22:10:46 +0000"
    },
    "done": true
  },
  "pfm:recipes/pfm.furniture/light_wood_simple_stool": {
    "criteria": {
      "has_planks": "2024-11-11 00:21:35 +0000"
    },
    "done": true
  },
  "minecraft:recipes/decorations/crafting_table": {
    "criteria": {
      "has_planks": "2024-11-11 00:14:16 +0000"
    },
    "done": true
  },
  "minecraft:recipes/building_blocks/purple_stained_glass": {
    "criteria": {
      "has_glass": "2024-11-12 22:07:02 +0000"
    },
    "done": true
  },
  "securitycraft:recipes/securitycraft/reinforced_green_stained_glass": {
    "criteria": {
      "has_glass": "2024-11-09 02:28:43 +0000"
    },
    "done": true
  },
  "pfm:recipes/pfm.furniture/blue_simple_sofa": {
    "criteria": {
      "has_wool": "2024-11-09 03:08:25 +0000"
    },
    "done": true
  },
  "pfm:recipes/pfm.furniture/dark_concrete_kitchen_counter": {
    "criteria": {
      "has_planks": "2024-11-12 23:23:11 +0000"
    },
    "done": true
  },
  "securitycraft:recipes/securitycraft/reinforced_red_stained_glass_pane_from_dye": {
    "criteria": {
      "has_glass": "2024-11-09 02:28:43 +0000"
    },
    "done": true
  },
  "minecraft:recipes/building_blocks/dark_oak_slab": {
    "criteria": {
      "has_planks": "2024-11-11 00:14:16 +0000"
    },
    "done": true
  },
  "minecraft:recipes/decorations/chest": {
    "criteria": {
      "has_lots_of_items": "2024-11-09 02:26:37 +0000"
    },
    "done": true
  },
  "securitycraft:recipes/securitycraft/reinforced_redstone_lamp": {
    "criteria": {
      "has_redstone": "2024-11-09 01:24:40 +0000"
    },
    "done": true
  },
  "minecraft:recipes/building_blocks/chiseled_stone_bricks_stone_from_stonecutting": {
    "criteria": {
      "has_stone": "2024-11-09 02:44:07 +0000"
    },
    "done": true
  },
  "minecraft:recipes/redstone/spruce_button": {
    "criteria": {
      "has_planks": "2024-11-12 22:10:46 +0000"
    },
    "done": true
  },
  "securitycraft:recipes/securitycraft/reinforced_black_stained_glass_pane_from_dye": {
    "criteria": {
      "has_glass": "2024-11-09 02:28:43 +0000"
    },
    "done": true
  },
  "pfm:recipes/pfm.furniture/stone_table_natural": {
    "criteria": {
      "stone_table_natural": "2024-11-09 02:44:07 +0000"
    },
    "done": true
  },
  "securitycraft:recipes/securitycraft/reinforced_orange_stained_glass": {
    "criteria": {
      "has_glass": "2024-11-09 02:28:43 +0000"
    },
    "done": true
  },
  "minecraft:recipes/redstone/dark_oak_button": {
    "criteria": {
      "has_planks": "2024-11-11 00:14:16 +0000"
    },
    "done": true
  },
  "minecraft:recipes/tools/shears": {
    "criteria": {
      "has_iron_ingot": "2024-11-12 21:58:09 +0000"
    },
    "done": true
  },
  "securitycraft:recipes/securitycraft/reinforced_orange_stained_glass_pane_from_glass": {
    "criteria": {
      "has_glass": "2024-11-09 02:28:43 +0000"
    },
    "done": true
  },
  "minecraft:recipes/misc/stick": {
    "criteria": {
      "has_planks": "2024-11-11 00:14:16 +0000"
    },
    "done": true
  },
  "minecraft:recipes/redstone/redstone_lamp": {
    "criteria": {
      "has_glowstone": "2024-11-10 23:50:35 +0000"
    },
    "done": true
  },
  "minecraft:recipes/redstone/crimson_pressure_plate": {
    "criteria": {
      "has_planks": "2024-11-12 22:36:12 +0000"
    },
    "done": true
  },
  "minecraft:recipes/building_blocks/stone_brick_slab_from_stone_stonecutting": {
    "criteria": {
      "has_stone": "2024-11-09 02:44:07 +0000"
    },
    "done": true
  },
  "pfm:recipes/pfm.furniture/light_wood_kitchen_cabinet": {
    "criteria": {
      "has_planks": "2024-11-11 00:21:35 +0000"
    },
    "done": true
  },
  "securitycraft:recipes/securitycraft/reinforced_light_blue_stained_glass": {
    "criteria": {
      "has_glass": "2024-11-09 02:28:43 +0000"
    },
    "done": true
  },
  "pfm:recipes/pfm.furniture/smooth_stone_kitchen_sink": {
    "criteria": {
      "has_planks": "2024-11-10 03:29:24 +0000"
    },
    "done": true
  },
  "pfm:recipes/pfm.furniture/iron_freezer": {
    "criteria": {
      "has_iron_ingot": "2024-11-12 21:58:09 +0000"
    },
    "done": true
  },
  "pfm:recipes/pfm.furniture/quartz_chair": {
    "criteria": {
      "quartz_chair": "2024-11-11 00:21:35 +0000"
    },
    "done": true
  },
  "minecraft:recipes/decorations/crimson_fence": {
    "criteria": {
      "has_planks": "2024-11-12 22:36:12 +0000"
    },
    "done": true
  },
  "pfm:recipes/pfm.furniture/crimson_kitchen_wall_small_drawer": {
    "criteria": {
      "has_planks": "2024-11-12 22:36:12 +0000"
    },
    "done": true
  },
  "pfm:recipes/pfm.furniture/spruce_simple_stool": {
    "criteria": {
      "has_planks": "2024-11-12 22:10:46 +0000"
    },
    "done": true
  },
  "minecraft:recipes/decorations/light_blue_glazed_terracotta": {
    "criteria": {
      "has_light_blue_terracotta": "2024-11-09 03:20:49 +0000"
    },
    "done": true
  },
  "securitycraft:recipes/securitycraft/electrified_iron_fence": {
    "criteria": {
      "has_iron": "2024-11-12 21:58:09 +0000"
    },
    "done": true
  },
  "minecraft:recipes/building_blocks/emerald_block": {
    "criteria": {
      "has_emerald": "2024-11-12 21:58:09 +0000"
    },
    "done": true
  },
  "pfm:recipes/pfm.furniture/crimson_kitchen_wall_drawer": {
    "criteria": {
      "has_planks": "2024-11-12 22:36:12 +0000"
    },
    "done": true
  },
  "minecraft:recipes/combat/iron_leggings": {
    "criteria": {
      "has_iron_ingot": "2024-11-12 21:58:09 +0000"
    },
    "done": true
  },
  "pfm:recipes/pfm.furniture/green_arm_chair": {
    "criteria": {
      "has_wool": "2024-11-09 03:08:25 +0000"
    },
    "done": true
  },
  "minecraft:recipes/redstone/dark_oak_door": {
    "criteria": {
      "has_planks": "2024-11-11 00:14:16 +0000"
    },
    "done": true
  },
  "pfm:recipes/pfm.furniture/blackstone_kitchen_wall_counter": {
    "criteria": {
      "has_planks": "2024-11-12 22:36:12 +0000"
    },
    "done": true
  },
  "pfm:recipes/pfm.furniture/light_wood_classic_stool": {
    "criteria": {
      "has_planks": "2024-11-11 00:21:35 +0000"
    },
    "done": true
  },
  "pfm:recipes/pfm.furniture/crimson_chair_dinner": {
    "criteria": {
      "has_planks": "2024-11-12 22:36:12 +0000"
    },
    "done": true
  },
  "pfm:recipes/pfm.furniture/lime_simple_sofa": {
    "criteria": {
      "has_wool": "2024-11-09 03:08:25 +0000"
    },
    "done": true
  },
  "minecraft:recipes/combat/shield": {
    "criteria": {
      "has_iron_ingot": "2024-11-12 21:58:09 +0000"
    },
    "done": true
  },
  "minecraft:recipes/building_blocks/cobblestone_slab": {
    "criteria": {
      "has_cobblestone": "2024-11-12 22:08:06 +0000"
    },
    "done": true
  },
  "pfm:recipes/pfm.furniture/oak_chair_dinner": {
    "criteria": {
      "has_planks": "2024-11-12 22:07:06 +0000"
    },
    "done": true
  },
  "pfm:recipes/pfm.furniture/quartz_table_dinner": {
    "criteria": {
      "quartz_table_dinner": "2024-11-11 00:21:35 +0000"
    },
    "done": true
  },
  "pfm:recipes/pfm.furniture/dark_oak_simple_bunk_ladder": {
    "criteria": {
      "has_planks": "2024-11-11 00:14:16 +0000"
    },
    "done": true
  },
  "securitycraft:recipes/securitycraft/reinforced_white_stained_glass_pane_from_glass": {
    "criteria": {
      "has_glass": "2024-11-09 02:28:43 +0000"
    },
    "done": true
  },
  "securitycraft:recipes/securitycraft/secret_jungle_sign_item": {
    "criteria": {
      "has_sign": "2024-11-09 01:48:12 +0000"
    },
    "done": true
  },
  "minecraft:recipes/redstone/hopper": {
    "criteria": {
      "has_iron_ingot": "2024-11-12 21:58:09 +0000"
    },
    "done": true
  },
  "pfm:recipes/pfm.furniture/gray_fridge": {
    "criteria": {
      "has_gray_concrete": "2024-11-12 23:23:11 +0000"
    },
    "done": true
  },
  "securitycraft:recipes/securitycraft/taser": {
    "criteria": {
      "has_redstone": "2024-11-09 01:24:40 +0000"
    },
    "done": true
  },
  "securitycraft:recipes/securitycraft/secret_spruce_sign_item": {
    "criteria": {
      "has_sign": "2024-11-09 01:48:12 +0000"
    },
    "done": true
  },
  "securitycraft:recipes/securitycraft/reinforced_red_stained_glass": {
    "criteria": {
      "has_glass": "2024-11-09 02:28:43 +0000"
    },
    "done": true
  },
  "pfm:recipes/pfm.furniture/concrete_kitchen_wall_small_drawer": {
    "criteria": {
      "has_planks": "2024-11-10 03:29:25 +0000"
    },
    "done": true
  },
  "minecraft:recipes/building_blocks/light_gray_concrete_powder": {
    "criteria": {
      "has_sand": "2024-11-11 01:48:27 +0000"
    },
    "done": true
  },
  "securitycraft:recipes/securitycraft/reinforced_lime_stained_glass": {
    "criteria": {
      "has_glass": "2024-11-09 02:28:43 +0000"
    },
    "done": true
  },
  "pfm:recipes/pfm.furniture/stripped_spruce_simple_stool": {
    "criteria": {
      "has_planks": "2024-11-12 22:07:00 +0000"
    },
    "done": true
  },
  "securitycraft:recipes/securitycraft/reinforced_blue_stained_glass_pane_from_glass": {
    "criteria": {
      "has_glass": "2024-11-09 02:28:43 +0000"
    },
    "done": true
  },
  "pfm:recipes/pfm.furniture/stone_table_classic": {
    "criteria": {
      "stone_table_classic": "2024-11-09 02:44:07 +0000"
    },
    "done": true
  },
  "minecraft:recipes/building_blocks/pink_concrete_powder": {
    "criteria": {
      "has_sand": "2024-11-11 01:48:27 +0000"
    },
    "done": true
  },
  "securitycraft:recipes/securitycraft/security_camera": {
    "criteria": {
      "has_iron": "2024-11-12 21:58:09 +0000"
    },
    "done": true
  },
  "pfm:recipes/pfm.furniture/gray_simple_sofa": {
    "criteria": {
      "has_wool": "2024-11-09 03:08:25 +0000"
    },
    "done": true
  },
  "securitycraft:recipes/securitycraft/door_indestructible_iron_item": {
    "criteria": {
      "has_iron": "2024-11-12 21:58:09 +0000"
    },
    "done": true
  },
  "pfm:recipes/pfm.furniture/stone_chair_classic": {
    "criteria": {
      "stone_chair_classic": "2024-11-09 02:44:07 +0000"
    },
    "done": true
  },
  "minecraft:recipes/building_blocks/yellow_stained_glass": {
    "criteria": {
      "has_glass": "2024-11-12 22:07:02 +0000"
    },
    "done": true
  },
  "pfm:recipes/pfm.furniture/iron_stove": {
    "criteria": {
      "has_iron_ingot": "2024-11-12 21:58:09 +0000"
    },
    "done": true
  },
  "securitycraft:recipes/securitycraft/reinforced_white_stained_glass_pane_from_dye": {
    "criteria": {
      "has_glass": "2024-11-09 02:28:43 +0000"
    },
    "done": true
  },
  "minecraft:recipes/building_blocks/stone_stairs_from_stone_stonecutting": {
    "criteria": {
      "has_stone": "2024-11-09 02:44:07 +0000"
    },
    "done": true
  },
  "pfm:recipes/pfm.furniture/light_wood_classic_nightstand": {
    "criteria": {
      "light_wood_classic_nightstand": "2024-11-11 00:21:35 +0000"
    },
    "done": true
  },
  "pfm:recipes/pfm.furniture/spruce_classic_nightstand": {
    "criteria": {
      "has_planks": "2024-11-12 22:10:46 +0000"
    },
    "done": true
  },
  "minecraft:recipes/decorations/iron_bars": {
    "criteria": {
      "has_iron_ingot": "2024-11-12 21:58:09 +0000"
    },
    "done": true
  },
  "pfm:recipes/pfm.furniture/jungle_log_stool": {
    "criteria": {
      "has_log": "2024-11-12 23:47:32 +0000"
    },
    "done": true
  },
  "pfm:recipes/pfm.furniture/crimson_kitchen_drawer": {
    "criteria": {
      "has_planks": "2024-11-12 22:36:12 +0000"
    },
    "done": true
  },
  "pfm:recipes/pfm.furniture/spruce_simple_bunk_ladder": {
    "criteria": {
      "has_planks": "2024-11-12 22:10:46 +0000"
    },
    "done": true
  },
  "minecraft:recipes/redstone/crimson_button": {
    "criteria": {
      "has_planks": "2024-11-12 22:36:12 +0000"
    },
    "done": true
  },
  "pfm:recipes/pfm.furniture/quartz_chair_classic": {
    "criteria": {
      "quartz_chair_classic": "2024-11-11 00:21:35 +0000"
    },
    "done": true
  },
  "securitycraft:recipes/securitycraft/portable_radar": {
    "criteria": {
      "has_redstone": "2024-11-09 01:24:40 +0000"
    },
    "done": true
  },
  "pfm:recipes/pfm.furniture/concrete_kitchen_counter": {
    "criteria": {
      "has_planks": "2024-11-10 03:29:25 +0000"
    },
    "done": true
  },
  "pfm:recipes/pfm.furniture/dark_wood_table_modern_dinner": {
    "criteria": {
      "dark_wood_table_modern_dinner": "2024-11-11 00:21:35 +0000"
    },
    "done": true
  },
  "pfm:recipes/pfm.furniture/dark_wood_chair_dinner": {
    "criteria": {
      "dark_wood_chair_dinner": "2024-11-11 00:21:35 +0000"
    },
    "done": true
  },
  "pfm:recipes/pfm.furniture/quartz_table_basic": {
    "criteria": {
      "quartz_table_basic": "2024-11-11 00:21:35 +0000"
    },
    "done": true
  },
  "minecraft:recipes/brewing/cauldron": {
    "criteria": {
      "has_water_bucket": "2024-11-12 22:46:16 +0000"
    },
    "done": true
  },
  "pfm:recipes/pfm.furniture/dark_oak_table_dinner": {
    "criteria": {
      "has_planks": "2024-11-11 00:14:16 +0000"
    },
    "done": true
  },
  "minecraft:recipes/building_blocks/sandstone": {
    "criteria": {
      "has_sand": "2024-11-11 01:48:27 +0000"
    },
    "done": true
  },
  "minecraft:recipes/building_blocks/red_stained_glass": {
    "criteria": {
      "has_glass": "2024-11-12 22:07:02 +0000"
    },
    "done": true
  },
  "minecraft:recipes/building_blocks/spruce_planks": {
    "criteria": {
      "has_logs": "2024-11-11 00:07:01 +0000"
    },
    "done": true
  },
  "minecraft:recipes/building_blocks/cobblestone_slab_from_cobblestone_stonecutting": {
    "criteria": {
      "has_cobblestone": "2024-11-12 22:08:06 +0000"
    },
    "done": true
  },
  "pfm:recipes/pfm.furniture/light_wood_kitchen_counter_oven": {
    "criteria": {
      "has_planks": "2024-11-11 00:21:35 +0000"
    },
    "done": true
  },
  "pfm:recipes/pfm.furniture/purple_arm_chair": {
    "criteria": {
      "has_wool": "2024-11-09 03:08:25 +0000"
    },
    "done": true
  },
  "securitycraft:recipes/securitycraft/reinforced_purple_stained_glass_pane_from_glass": {
    "criteria": {
      "has_glass": "2024-11-09 02:28:43 +0000"
    },
    "done": true
  },
  "minecraft:recipes/building_blocks/quartz_stairs": {
    "criteria": {
      "has_quartz_block": "2024-11-11 00:21:35 +0000"
    },
    "done": true
  },
  "securitycraft:recipes/securitycraft/crystal_quartz_item": {
    "criteria": {
      "has_prismarine_crystals": "2024-11-12 21:58:09 +0000"
    },
    "done": true
  },
  "minecraft:recipes/building_blocks/oak_stairs": {
    "criteria": {
      "has_planks": "2024-11-12 22:07:06 +0000"
    },
    "done": true
  },
  "pfm:recipes/pfm.furniture/quartz_chair_dinner": {
    "criteria": {
      "quartz_chair_dinner": "2024-11-11 00:21:35 +0000"
    },
    "done": true
  },
  "pfm:recipes/pfm.furniture/gray_modern_stool": {
    "criteria": {
      "has_planks": "2024-11-09 01:44:23 +0000"
    },
    "done": true
  },
  "minecraft:recipes/transportation/acacia_boat": {
    "criteria": {
      "in_water": "2024-11-09 01:30:55 +0000"
    },
    "done": true
  },
  "minecraft:recipes/redstone/iron_trapdoor": {
    "criteria": {
      "has_iron_ingot": "2024-11-12 21:58:09 +0000"
    },
    "done": true
  },
  "minecraft:adventure/root": {
    "criteria": {
      "killed_something": "2024-11-09 01:44:46 +0000"
    },
    "done": true
  },
  "pfm:recipes/pfm.furniture/smooth_stone_kitchen_wall_drawer": {
    "criteria": {
      "has_planks": "2024-11-10 03:29:25 +0000"
    },
    "done": true
  },
  "securitycraft:recipes/securitycraft/reinforced_magenta_stained_glass_pane_from_glass": {
    "criteria": {
      "has_glass": "2024-11-09 02:28:43 +0000"
    },
    "done": true
  },
  "pfm:recipes/pfm.furniture/dark_wood_kitchen_wall_small_drawer": {
    "criteria": {
      "has_planks": "2024-11-11 00:21:35 +0000"
    },
    "done": true
  },
  "pfm:recipes/pfm.furniture/stone_classic_nightstand": {
    "criteria": {
      "stone_classic_nightstand": "2024-11-09 02:44:07 +0000"
    },
    "done": true
  },
  "pfm:recipes/pfm.furniture/stripped_spruce_kitchen_wall_counter": {
    "criteria": {
      "has_planks": "2024-11-12 22:07:00 +0000"
    },
    "done": true
  },
  "pfm:recipes/pfm.furniture/dark_oak_purple_classic_bed": {
    "criteria": {
      "has_bed": "2024-11-09 01:44:32 +0000"
    },
    "done": true
  },
  "securitycraft:recipes/securitycraft/storage_module": {
    "criteria": {
      "has_iron": "2024-11-12 21:58:09 +0000"
    },
    "done": true
  },
  "pfm:recipes/pfm.furniture/dark_wood_table_dinner": {
    "criteria": {
      "dark_wood_table_dinner": "2024-11-11 00:21:35 +0000"
    },
    "done": true
  },
  "pfm:recipes/pfm.furniture/smooth_stone_kitchen_cabinet": {
    "criteria": {
      "has_planks": "2024-11-10 03:29:25 +0000"
    },
    "done": true
  },
  "minecraft:recipes/building_blocks/white_concrete_powder": {
    "criteria": {
      "has_sand": "2024-11-11 01:48:27 +0000"
    },
    "done": true
  },
  "pfm:recipes/pfm.furniture/blackstone_kitchen_sink": {
    "criteria": {
      "has_planks": "2024-11-12 22:36:12 +0000"
    },
    "done": true
  },
  "minecraft:recipes/building_blocks/stone_brick_stairs_from_stone_stonecutting": {
    "criteria": {
      "has_stone": "2024-11-09 02:44:07 +0000"
    },
    "done": true
  },
  "pfm:recipes/pfm.furniture/quartz_classic_nightstand": {
    "criteria": {
      "quartz_classic_nightstand": "2024-11-11 00:21:35 +0000"
    },
    "done": true
  },
  "pfm:recipes/pfm.furniture/light_wood_kitchen_wall_small_drawer": {
    "criteria": {
      "has_planks": "2024-11-11 00:21:35 +0000"
    },
    "done": true
  },
  "pfm:recipes/pfm.furniture/spruce_table_modern_dinner": {
    "criteria": {
      "has_planks": "2024-11-12 22:10:46 +0000"
    },
    "done": true
  },
  "minecraft:adventure/kill_all_mobs": {
    "criteria": {
      "minecraft:skeleton": "2024-11-09 01:44:46 +0000",
      "minecraft:creeper": "2024-11-09 02:24:45 +0000",
      "minecraft:zombie_villager": "2024-11-09 02:24:51 +0000"
    },
    "done": false
  },
  "minecraft:recipes/building_blocks/chiseled_quartz_block_from_quartz_block_stonecutting": {
    "criteria": {
      "has_quartz_block": "2024-11-11 00:21:35 +0000"
    },
    "done": true
  },
  "pfm:recipes/pfm.furniture/oak_table_classic": {
    "criteria": {
      "has_planks": "2024-11-12 22:07:06 +0000"
    },
    "done": true
  },
  "minecraft:recipes/redstone/redstone_block": {
    "criteria": {
      "has_redstone": "2024-11-09 01:24:40 +0000"
    },
    "done": true
  },
  "pfm:recipes/pfm.furniture/spruce_kitchen_counter_oven": {
    "criteria": {
      "has_planks": "2024-11-12 22:10:46 +0000"
    },
    "done": true
  },
  "pfm:recipes/pfm.furniture/orange_simple_sofa": {
    "criteria": {
      "has_wool": "2024-11-09 03:08:25 +0000"
    },
    "done": true
  },
  "pfm:recipes/pfm.furniture/iron_oven_range_hood": {
    "criteria": {
      "has_iron_ingot": "2024-11-12 21:58:09 +0000"
    },
    "done": true
  },
  "pfm:recipes/pfm.furniture/crimson_kitchen_counter": {
    "criteria": {
      "has_planks": "2024-11-12 22:36:12 +0000"
    },
    "done": true
  },
  "minecraft:recipes/decorations/stone_brick_wall": {
    "criteria": {
      "has_stone_bricks": "2024-11-09 00:47:47 +0000"
    },
    "done": true
  },
  "pfm:recipes/pfm.furniture/oak_log_stool": {
    "criteria": {
      "has_log": "2024-11-09 03:08:25 +0000"
    },
    "done": true
  },
  "pfm:recipes/pfm.furniture/black_simple_sofa": {
    "criteria": {
      "has_wool": "2024-11-09 03:08:25 +0000"
    },
    "done": true
  },
  "pfm:recipes/pfm.furniture/dark_wood_simple_stool": {
    "criteria": {
      "has_planks": "2024-11-11 00:21:35 +0000"
    },
    "done": true
  },
  "minecraft:recipes/building_blocks/lime_stained_glass": {
    "criteria": {
      "has_glass": "2024-11-12 22:07:02 +0000"
    },
    "done": true
  },
  "minecraft:recipes/decorations/crimson_sign": {
    "criteria": {
      "has_crimson_planks": "2024-11-12 22:36:12 +0000"
    },
    "done": true
  },
  "pfm:recipes/pfm.furniture/crimson_purple_simple_bed": {
    "criteria": {
      "has_bed": "2024-11-09 01:44:32 +0000"
    },
    "done": true
  },
  "securitycraft:recipes/securitycraft/reinforced_cyan_stained_glass_pane_from_dye": {
    "criteria": {
      "has_glass": "2024-11-09 02:28:43 +0000"
    },
    "done": true
  },
  "minecraft:recipes/redstone/dark_oak_fence_gate": {
    "criteria": {
      "has_planks": "2024-11-11 00:14:16 +0000"
    },
    "done": true
  },
  "pfm:recipes/pfm.furniture/quartz_table_modern_dinner": {
    "criteria": {
      "quartz_table_modern_dinner": "2024-11-11 00:21:35 +0000"
    },
    "done": true
  },
  "minecraft:recipes/misc/iron_nugget_from_smelting": {
    "criteria": {
      "has_iron_shovel": "2024-11-09 03:05:17 +0000"
    },
    "done": true
  },
  "pfm:recipes/pfm.furniture/dark_oak_classic_stool": {
    "criteria": {
      "has_planks": "2024-11-11 00:14:16 +0000"
    },
    "done": true
  },
  "pfm:recipes/pfm.furniture/dark_wood_chair_classic": {
    "criteria": {
      "dark_wood_chair_classic": "2024-11-11 00:21:35 +0000"
    },
    "done": true
  },
  "pfm:recipes/pfm.furniture/light_wood_kitchen_drawer": {
    "criteria": {
      "has_planks": "2024-11-11 00:21:35 +0000"
    },
    "done": true
  },
  "pfm:recipes/pfm.furniture/light_wood_kitchen_wall_counter": {
    "criteria": {
      "has_planks": "2024-11-11 00:21:35 +0000"
    },
    "done": true
  },
  "minecraft:recipes/building_blocks/quartz_pillar_from_quartz_block_stonecutting": {
    "criteria": {
      "has_quartz_block": "2024-11-11 00:21:35 +0000"
    },
    "done": true
  },
  "minecraft:recipes/building_blocks/smooth_quartz": {
    "criteria": {
      "has_quartz_block": "2024-11-11 00:21:35 +0000"
    },
    "done": true
  },
  "minecraft:recipes/decorations/chain": {
    "criteria": {
      "has_iron_ingot": "2024-11-12 21:58:09 +0000"
    },
    "done": true
  },
  "pfm:recipes/pfm.furniture/dark_oak_kitchen_cabinet": {
    "criteria": {
      "has_planks": "2024-11-11 00:14:16 +0000"
    },
    "done": true
  },
  "minecraft:recipes/decorations/oak_fence": {
    "criteria": {
      "has_planks": "2024-11-12 22:07:06 +0000"
    },
    "done": true
  },
  "pfm:recipes/pfm.furniture/blackstone_kitchen_counter_oven": {
    "criteria": {
      "has_planks": "2024-11-12 22:36:12 +0000"
    },
    "done": true
  },
  "pfm:recipes/pfm.furniture/crimson_chair_classic": {
    "criteria": {
      "has_planks": "2024-11-12 22:36:12 +0000"
    },
    "done": true
  },
  "securitycraft:recipes/securitycraft/reinforced_light_gray_stained_glass_pane_from_glass": {
    "criteria": {
      "has_glass": "2024-11-09 02:28:43 +0000"
    },
    "done": true
  },
  "securitycraft:recipes/securitycraft/reinforced_yellow_stained_glass_pane_from_glass": {
    "criteria": {
      "has_glass": "2024-11-09 02:28:43 +0000"
    },
    "done": true
  },
  "pfm:recipes/pfm.furniture/crimson_chair_modern": {
    "criteria": {
      "has_planks": "2024-11-12 22:36:12 +0000"
    },
    "done": true
  },
  "securitycraft:recipes/securitycraft/universal_block_modifier": {
    "criteria": {
      "has_redstone": "2024-11-09 01:24:40 +0000"
    },
    "done": true
  },
  "pfm:recipes/pfm.furniture/cyan_arm_chair": {
    "criteria": {
      "has_wool": "2024-11-09 03:08:25 +0000"
    },
    "done": true
  },
  "minecraft:recipes/misc/gold_ingot_from_gold_block": {
    "criteria": {
      "has_gold_block": "2024-11-09 03:20:44 +0000"
    },
    "done": true
  },
  "pfm:recipes/pfm.furniture/stone_simple_stool": {
    "criteria": {
      "has_planks": "2024-11-09 02:44:07 +0000"
    },
    "done": true
  },
  "pfm:recipes/pfm.furniture/stripped_spruce_table_classic": {
    "criteria": {
      "has_planks": "2024-11-12 22:07:00 +0000"
    },
    "done": true
  },
  "minecraft:recipes/building_blocks/light_blue_stained_glass": {
    "criteria": {
      "has_glass": "2024-11-12 22:07:02 +0000"
    },
    "done": true
  },
  "minecraft:recipes/building_blocks/orange_concrete_powder": {
    "criteria": {
      "has_sand": "2024-11-11 01:48:27 +0000"
    },
    "done": true
  },
  "minecraft:recipes/building_blocks/oak_slab": {
    "criteria": {
      "has_planks": "2024-11-12 22:07:06 +0000"
    },
    "done": true
  },
  "cgm:recipes/cgm/mini_gun": {
    "criteria": {
      "has_iron_ingot": "2024-11-13 23:56:26 +0000"
    },
    "done": true
  },
  "securitycraft:recipes/securitycraft/reinforced_gray_stained_glass": {
    "criteria": {
      "has_glass": "2024-11-09 02:28:43 +0000"
    },
    "done": true
  },
  "pfm:recipes/pfm.furniture/xbox_fridge": {
    "criteria": {
      "has_black_concrete": "2024-11-10 15:34:24 +0000"
    },
    "done": true
  },
  "minecraft:recipes/decorations/magenta_stained_glass_pane_from_glass_pane": {
    "criteria": {
      "has_magenta_dye": "2024-11-11 00:10:16 +0000"
    },
    "done": true
  },
  "pfm:recipes/pfm.furniture/stone_chair_dinner": {
    "criteria": {
      "stone_chair_dinner": "2024-11-09 02:44:07 +0000"
    },
    "done": true
  },
  "pfm:recipes/pfm.furniture/dark_oak_table_classic": {
    "criteria": {
      "has_planks": "2024-11-11 00:14:16 +0000"
    },
    "done": true
  },
  "pfm:recipes/pfm.furniture/stripped_spruce_classic_nightstand": {
    "criteria": {
      "has_planks": "2024-11-12 22:07:00 +0000"
    },
    "done": true
  },
  "pfm:recipes/pfm.furniture/oak_classic_stool": {
    "criteria": {
      "has_planks": "2024-11-12 22:07:06 +0000"
    },
    "done": true
  },
  "pfm:recipes/pfm.furniture/dark_wood_chair": {
    "criteria": {
      "dark_wood_chair": "2024-11-11 00:21:35 +0000"
    },
    "done": true
  },
  "pfm:recipes/pfm.furniture/stone_table_dinner": {
    "criteria": {
      "stone_table_dinner": "2024-11-09 02:44:07 +0000"
    },
    "done": true
  },
  "pfm:recipes/pfm.furniture/spruce_log_stool": {
    "criteria": {
      "has_log": "2024-11-11 00:07:01 +0000"
    },
    "done": true
  },
  "pfm:recipes/pfm.furniture/pink_arm_chair": {
    "criteria": {
      "has_wool": "2024-11-09 03:08:25 +0000"
    },
    "done": true
  },
  "pfm:recipes/pfm.furniture/oak_chair": {
    "criteria": {
      "has_planks": "2024-11-12 22:07:06 +0000"
    },
    "done": true
  },
  "pfm:recipes/pfm.furniture/dark_concrete_kitchen_sink": {
    "criteria": {
      "has_planks": "2024-11-12 23:23:11 +0000"
    },
    "done": true
  },
  "securitycraft:recipes/securitycraft/secret_warped_sign_item": {
    "criteria": {
      "has_sign": "2024-11-09 01:48:12 +0000"
    },
    "done": true
  },
  "pfm:recipes/pfm.furniture/light_gray_simple_sofa": {
    "criteria": {
      "has_wool": "2024-11-09 03:08:25 +0000"
    },
    "done": true
  },
  "pfm:recipes/pfm.furniture/white_mirror": {
    "criteria": {
      "has_white_concrete": "2024-11-10 03:29:25 +0000"
    },
    "done": true
  },
  "pfm:recipes/pfm.furniture/white_modern_pendant": {
    "criteria": {
      "has_white_concrete": "2024-11-10 03:29:25 +0000"
    },
    "done": true
  },
  "pfm:recipes/pfm.furniture/light_wood_chair_dinner": {
    "criteria": {
      "light_wood_chair_dinner": "2024-11-11 00:21:35 +0000"
    },
    "done": true
  },
  "minecraft:recipes/brewing/glass_bottle": {
    "criteria": {
      "has_glass": "2024-11-12 22:07:02 +0000"
    },
    "done": true
  },
  "pfm:recipes/pfm.furniture/dark_oak_simple_stool": {
    "criteria": {
      "has_planks": "2024-11-11 00:14:16 +0000"
    },
    "done": true
  },
  "pfm:recipes/pfm.furniture/stripped_spruce_chair": {
    "criteria": {
      "has_planks": "2024-11-12 22:07:00 +0000"
    },
    "done": true
  },
  "pfm:recipes/pfm.furniture/oak_simple_stool": {
    "criteria": {
      "has_planks": "2024-11-12 22:07:06 +0000"
    },
    "done": true
  },
  "securitycraft:recipes/securitycraft/universal_key_changer": {
    "criteria": {
      "has_redstone": "2024-11-09 01:24:40 +0000"
    },
    "done": true
  },
  "pfm:recipes/pfm.furniture/oak_kitchen_counter": {
    "criteria": {
      "has_planks": "2024-11-12 22:07:06 +0000"
    },
    "done": true
  },
  "minecraft:recipes/decorations/light_blue_stained_glass_pane": {
    "criteria": {
      "has_glass": "2024-11-12 22:59:42 +0000"
    },
    "done": true
  },
  "minecraft:nether/create_beacon": {
    "criteria": {
      "beacon": "2024-11-09 02:28:01 +0000"
    },
    "done": true
  },
  "pfm:recipes/pfm.furniture/warped_purple_classic_bed": {
    "criteria": {
      "has_bed": "2024-11-09 01:44:32 +0000"
    },
    "done": true
  },
  "minecraft:recipes/building_blocks/crimson_slab": {
    "criteria": {
      "has_planks": "2024-11-12 22:36:12 +0000"
    },
    "done": true
  },
  "pfm:recipes/pfm.furniture/dark_concrete_kitchen_wall_drawer": {
    "criteria": {
      "has_planks": "2024-11-12 23:23:11 +0000"
    },
    "done": true
  },
  "minecraft:recipes/building_blocks/iron_block": {
    "criteria": {
      "has_iron_ingot": "2024-11-12 21:58:09 +0000"
    },
    "done": true
  },
  "minecraft:recipes/building_blocks/quartz_slab": {
    "criteria": {
      "has_quartz_block": "2024-11-11 00:21:35 +0000"
    },
    "done": true
  },
  "pfm:recipes/pfm.furniture/basic_plate": {
    "criteria": {
      "has_white_concrete": "2024-11-10 03:29:25 +0000"
    },
    "done": true
  },
  "minecraft:recipes/building_blocks/crimson_stairs": {
    "criteria": {
      "has_planks": "2024-11-12 22:36:12 +0000"
    },
    "done": true
  },
  "minecraft:recipes/redstone/crimson_fence_gate": {
    "criteria": {
      "has_planks": "2024-11-12 22:36:12 +0000"
    },
    "done": true
  },
  "securitycraft:recipes/securitycraft/reinforced_black_stained_glass_pane_from_glass": {
    "criteria": {
      "has_glass": "2024-11-09 02:28:43 +0000"
    },
    "done": true
  },
  "pfm:recipes/pfm.furniture/basic_toilet": {
    "criteria": {
      "has_quartz_block": "2024-11-11 00:21:35 +0000"
    },
    "done": true
  },
  "minecraft:recipes/building_blocks/jungle_wood": {
    "criteria": {
      "has_log": "2024-11-12 23:47:32 +0000"
    },
    "done": true
  },
  "pfm:recipes/pfm.furniture/birch_purple_classic_bed": {
    "criteria": {
      "has_bed": "2024-11-09 01:44:32 +0000"
    },
    "done": true
  },
  "pfm:recipes/pfm.furniture/spruce_table_dinner": {
    "criteria": {
      "has_planks": "2024-11-12 22:10:46 +0000"
    },
    "done": true
  },
  "minecraft:recipes/building_blocks/spruce_wood": {
    "criteria": {
      "has_log": "2024-11-11 00:07:01 +0000"
    },
    "done": true
  },
  "minecraft:recipes/building_blocks/green_stained_glass": {
    "criteria": {
      "has_glass": "2024-11-12 22:07:02 +0000"
    },
    "done": true
  },
  "securitycraft:recipes/securitycraft/username_logger": {
    "criteria": {
      "has_redstone": "2024-11-09 01:24:40 +0000"
    },
    "done": true
  },
  "pfm:recipes/pfm.furniture/iron_fridge": {
    "criteria": {
      "has_iron_ingot": "2024-11-12 21:58:09 +0000"
    },
    "done": true
  },
  "minecraft:recipes/building_blocks/oak_planks": {
    "criteria": {
      "has_logs": "2024-11-09 03:08:25 +0000"
    },
    "done": true
  },
  "minecraft:recipes/decorations/yellow_glazed_terracotta": {
    "criteria": {
      "has_yellow_terracotta": "2024-11-09 21:45:58 +0000"
    },
    "done": true
  },
  "minecraft:recipes/building_blocks/gray_concrete_powder": {
    "criteria": {
      "has_sand": "2024-11-11 01:48:27 +0000"
    },
    "done": true
  },
  "securitycraft:recipes/securitycraft/cage_trap": {
    "criteria": {
      "has_redstone": "2024-11-09 01:24:40 +0000"
    },
    "done": true
  },
  "pfm:recipes/pfm.furniture/acacia_purple_classic_bed": {
    "criteria": {
      "has_bed": "2024-11-09 01:44:32 +0000"
    },
    "done": true
  },
  "securitycraft:recipes/securitycraft/smart_module": {
    "criteria": {
      "has_iron": "2024-11-12 21:58:09 +0000"
    },
    "done": true
  },
  "cgm:recipes/cgm/assault_rifle": {
    "criteria": {
      "has_iron_ingot": "2024-11-13 23:56:26 +0000"
    },
    "done": true
  },
  "securitycraft:recipes/securitycraft/block_change_detector": {
    "criteria": {
      "has_iron": "2024-11-12 21:58:09 +0000"
    },
    "done": true
  },
  "minecraft:recipes/tools/iron_axe": {
    "criteria": {
      "has_iron_ingot": "2024-11-12 21:58:09 +0000"
    },
    "done": true
  },
  "pfm:recipes/pfm.furniture/dark_wood_kitchen_sink": {
    "criteria": {
      "has_planks": "2024-11-11 00:21:35 +0000"
    },
    "done": true
  },
  "minecraft:recipes/building_blocks/sea_lantern": {
    "criteria": {
      "has_prismarine_crystals": "2024-11-12 21:58:09 +0000"
    },
    "done": true
  },
  "minecraft:recipes/building_blocks/jungle_planks": {
    "criteria": {
      "has_logs": "2024-11-12 23:47:32 +0000"
    },
    "done": true
  },
  "minecraft:recipes/building_blocks/quartz_slab_from_stonecutting": {
    "criteria": {
      "has_quartz_block": "2024-11-11 00:21:35 +0000"
    },
    "done": true
  },
  "pfm:recipes/pfm.furniture/basic_sink": {
    "criteria": {
      "has_quartz_block": "2024-11-11 00:21:35 +0000"
    },
    "done": true
  },
  "minecraft:recipes/combat/iron_boots": {
    "criteria": {
      "has_iron_ingot": "2024-11-12 21:58:09 +0000"
    },
    "done": true
  },
  "minecraft:recipes/misc/bone_meal": {
    "criteria": {
      "has_bone": "2024-11-09 02:24:40 +0000"
    },
    "done": true
  },
  "pfm:recipes/pfm.furniture/stone_kitchen_counter_oven": {
    "criteria": {
      "has_planks": "2024-11-09 02:44:07 +0000"
    },
    "done": true
  },
  "minecraft:recipes/building_blocks/chiseled_quartz_block": {
    "criteria": {
      "has_quartz_block": "2024-11-11 00:21:35 +0000"
    },
    "done": true
  },
  "pfm:recipes/pfm.furniture/crimson_simple_bunk_ladder": {
    "criteria": {
      "has_planks": "2024-11-12 22:36:12 +0000"
    },
    "done": true
  },
  "minecraft:recipes/building_blocks/black_concrete_powder": {
    "criteria": {
      "has_sand": "2024-11-11 01:48:27 +0000"
    },
    "done": true
  },
  "pfm:recipes/pfm.furniture/stripped_spruce_chair_dinner": {
    "criteria": {
      "has_planks": "2024-11-12 22:07:00 +0000"
    },
    "done": true
  },
  "pfm:recipes/pfm.furniture/gray_oven_range_hood": {
    "criteria": {
      "has_gray_concrete": "2024-11-12 23:23:11 +0000"
    },
    "done": true
  },
  "minecraft:recipes/redstone/stone_button": {
    "criteria": {
      "has_stone": "2024-11-09 02:44:07 +0000"
    },
    "done": true
  },
  "minecraft:recipes/combat/iron_chestplate": {
    "criteria": {
      "has_iron_ingot": "2024-11-12 21:58:09 +0000"
    },
    "done": true
  },
  "minecraft:recipes/combat/crossbow": {
    "criteria": {
      "has_iron_ingot": "2024-11-12 21:58:09 +0000"
    },
    "done": true
  },
  "minecraft:recipes/redstone/spruce_pressure_plate": {
    "criteria": {
      "has_planks": "2024-11-12 22:10:46 +0000"
    },
    "done": true
  },
  "minecraft:recipes/redstone/dark_oak_trapdoor": {
    "criteria": {
      "has_planks": "2024-11-11 00:14:16 +0000"
    },
    "done": true
  },
  "minecraft:recipes/decorations/oak_sign": {
    "criteria": {
      "has_oak_planks": "2024-11-12 22:07:06 +0000"
    },
    "done": true
  },
  "minecraft:recipes/redstone/oak_trapdoor": {
    "criteria": {
      "has_planks": "2024-11-12 22:07:06 +0000"
    },
    "done": true
  },
  "securitycraft:recipes/securitycraft/portable_tune_player": {
    "criteria": {
      "has_redstone": "2024-11-09 01:24:40 +0000"
    },
    "done": true
  },
  "minecraft:recipes/building_blocks/red_concrete_powder": {
    "criteria": {
      "has_sand": "2024-11-11 01:48:27 +0000"
    },
    "done": true
  },
  "securitycraft:recipes/securitycraft/reinforced_blue_stained_glass": {
    "criteria": {
      "has_glass": "2024-11-09 02:28:43 +0000"
    },
    "done": true
  },
  "minecraft:recipes/misc/iron_nugget_from_blasting": {
    "criteria": {
      "has_iron_shovel": "2024-11-09 03:05:17 +0000"
    },
    "done": true
  },
  "securitycraft:recipes/securitycraft/reinforced_diorite": {
    "criteria": {
      "has_cobblestone": "2024-11-12 22:08:06 +0000"
    },
    "done": true
  },
  "securitycraft:recipes/securitycraft/reinforced_brown_stained_glass": {
    "criteria": {
      "has_glass": "2024-11-09 02:28:43 +0000"
    },
    "done": true
  },
  "securitycraft:recipes/securitycraft/trophy_system": {
    "criteria": {
      "has_iron": "2024-11-12 21:58:09 +0000"
    },
    "done": true
  },
  "pfm:recipes/pfm.furniture/dark_wood_kitchen_counter": {
    "criteria": {
      "has_planks": "2024-11-11 00:21:35 +0000"
    },
    "done": true
  },
  "minecraft:adventure/kill_a_mob": {
    "criteria": {
      "minecraft:skeleton": "2024-11-09 01:44:46 +0000"
    },
    "done": true
  },
  "securitycraft:recipes/securitycraft/camera_monitor": {
    "criteria": {
      "has_iron": "2024-11-12 21:58:09 +0000"
    },
    "done": true
  },
  "securitycraft:recipes/securitycraft/reinforced_orange_stained_glass_pane_from_dye": {
    "criteria": {
      "has_glass": "2024-11-09 02:28:43 +0000"
    },
    "done": true
  },
  "securitycraft:recipes/securitycraft/limited_use_keycard": {
    "criteria": {
      "has_iron": "2024-11-12 21:58:09 +0000"
    },
    "done": true
  },
  "pfm:recipes/pfm.furniture/oak_kitchen_sink": {
    "criteria": {
      "has_planks": "2024-11-12 22:07:06 +0000"
    },
    "done": true
  },
  "pfm:recipes/pfm.furniture/concrete_kitchen_wall_counter": {
    "criteria": {
      "has_planks": "2024-11-10 03:29:25 +0000"
    },
    "done": true
  },
  "pfm:recipes/pfm.furniture/dark_oak_kitchen_counter": {
    "criteria": {
      "has_planks": "2024-11-11 00:14:16 +0000"
    },
    "done": true
  },
  "pfm:recipes/pfm.furniture/oak_kitchen_cabinet": {
    "criteria": {
      "has_planks": "2024-11-12 22:07:06 +0000"
    },
    "done": true
  },
  "minecraft:recipes/building_blocks/stone": {
    "criteria": {
      "has_cobblestone": "2024-11-12 22:08:06 +0000"
    },
    "done": true
  },
  "pfm:recipes/pfm.furniture/quartz_table_classic": {
    "criteria": {
      "quartz_table_classic": "2024-11-11 00:21:35 +0000"
    },
    "done": true
  },
  "pfm:recipes/pfm.furniture/oak_modern_stool": {
    "criteria": {
      "has_planks": "2024-11-12 22:07:06 +0000"
    },
    "done": true
  },
  "minecraft:recipes/decorations/stonecutter": {
    "criteria": {
      "has_stone": "2024-11-09 02:44:07 +0000"
    },
    "done": true
  },
  "minecraft:adventure/adventuring_time": {
    "criteria": {
      "minecraft:mountains": "2024-11-10 15:55:33 +0000",
      "minecraft:taiga": "2024-11-09 03:01:57 +0000",
      "minecraft:taiga_hills": "2024-11-12 21:45:09 +0000",
      "minecraft:warm_ocean": "2024-11-09 03:09:53 +0000",
      "minecraft:deep_lukewarm_ocean": "2024-11-09 03:09:50 +0000",
      "minecraft:beach": "2024-11-09 00:39:16 +0000",
      "minecraft:river": "2024-11-09 02:42:13 +0000",
      "minecraft:lukewarm_ocean": "2024-11-09 02:41:55 +0000",
      "minecraft:wooded_hills": "2024-11-09 02:42:34 +0000",
      "minecraft:stone_shore": "2024-11-10 15:53:12 +0000",
      "minecraft:plains": "2024-11-09 00:37:05 +0000"
    },
    "done": false
  },
  "pfm:recipes/pfm.furniture/stripped_spruce_table_log": {
    "criteria": {
      "has_log": "2024-11-12 22:07:00 +0000"
    },
    "done": true
  },
  "pfm:recipes/pfm.furniture/light_wood_kitchen_sink": {
    "criteria": {
      "has_planks": "2024-11-11 00:21:35 +0000"
    },
    "done": true
  },
  "securitycraft:recipes/securitycraft/whitelist_module": {
    "criteria": {
      "has_iron": "2024-11-12 21:58:09 +0000"
    },
    "done": true
  },
  "pfm:recipes/pfm.furniture/light_wood_modern_stool": {
    "criteria": {
      "has_planks": "2024-11-11 00:21:35 +0000"
    },
    "done": true
  },
  "minecraft:recipes/combat/stone_sword": {
    "criteria": {
      "has_cobblestone": "2024-11-12 22:08:06 +0000"
    },
    "done": true
  },
  "pfm:recipes/pfm.furniture/spruce_table_classic": {
    "criteria": {
      "has_planks": "2024-11-12 22:10:46 +0000"
    },
    "done": true
  },
  "pfm:recipes/pfm.furniture/pink_simple_sofa": {
    "criteria": {
      "has_wool": "2024-11-09 03:08:25 +0000"
    },
    "done": true
  },
  "minecraft:recipes/decorations/barrel": {
    "criteria": {
      "has_planks": "2024-11-11 00:14:16 +0000"
    },
    "done": true
  },
  "minecraft:recipes/decorations/cobblestone_wall": {
    "criteria": {
      "has_cobblestone": "2024-11-12 22:08:06 +0000"
    },
    "done": true
  },
  "cgm:recipes/cgm/grenade_launcher": {
    "criteria": {
      "has_iron_ingot": "2024-11-13 23:56:26 +0000"
    },
    "done": true
  },
  "pfm:recipes/pfm.furniture/light_wood_chair": {
    "criteria": {
      "light_wood_chair": "2024-11-11 00:21:35 +0000"
    },
    "done": true
  },
  "minecraft:recipes/tools/stone_pickaxe": {
    "criteria": {
      "has_cobblestone": "2024-11-12 22:08:06 +0000"
    },
    "done": true
  },
  "pfm:recipes/pfm.furniture/dark_concrete_kitchen_cabinet": {
    "criteria": {
      "has_planks": "2024-11-12 23:23:11 +0000"
    },
    "done": true
  },
  "minecraft:recipes/decorations/smithing_table": {
    "criteria": {
      "has_iron_ingot": "2024-11-12 21:58:09 +0000"
    },
    "done": true
  },
  "pfm:recipes/pfm.furniture/oak_table_basic": {
    "criteria": {
      "has_planks": "2024-11-12 22:07:06 +0000"
    },
    "done": true
  },
  "minecraft:recipes/building_blocks/quartz_bricks": {
    "criteria": {
      "has_quartz_block": "2024-11-11 00:21:35 +0000"
    },
    "done": true
  },
  "pfm:recipes/pfm.furniture/stripped_spruce_modern_stool": {
    "criteria": {
      "has_planks": "2024-11-12 22:07:00 +0000"
    },
    "done": true
  },
  "minecraft:recipes/redstone/stone_pressure_plate": {
    "criteria": {
      "has_stone": "2024-11-09 02:44:07 +0000"
    },
    "done": true
  },
  "minecraft:recipes/building_blocks/brown_stained_glass": {
    "criteria": {
      "has_glass": "2024-11-12 22:07:02 +0000"
    },
    "done": true
  },
  "minecraft:recipes/misc/red_dye_from_tulip": {
    "criteria": {
      "has_red_flower": "2024-11-12 21:57:35 +0000"
    },
    "done": true
  },
  "minecraft:recipes/decorations/cobblestone_wall_from_cobblestone_stonecutting": {
    "criteria": {
      "has_cobblestone": "2024-11-12 22:08:06 +0000"
    },
    "done": true
  },
  "securitycraft:recipes/securitycraft/reinforced_magenta_stained_glass_pane_from_dye": {
    "criteria": {
      "has_glass": "2024-11-09 02:28:43 +0000"
    },
    "done": true
  },
  "pfm:recipes/pfm.furniture/yellow_arm_chair": {
    "criteria": {
      "has_wool": "2024-11-09 03:08:25 +0000"
    },
    "done": true
  },
  "minecraft:recipes/building_blocks/light_gray_stained_glass": {
    "criteria": {
      "has_glass": "2024-11-12 22:07:02 +0000"
    },
    "done": true
  },
  "cgm:recipes/cgm/heavy_rifle": {
    "criteria": {
      "has_iron_ingot": "2024-11-13 23:56:26 +0000"
    },
    "done": true
  },
  "minecraft:recipes/building_blocks/quartz_bricks_from_quartz_block_stonecutting": {
    "criteria": {
      "has_quartz_block": "2024-11-11 00:21:35 +0000"
    },
    "done": true
  },
  "pfm:recipes/pfm.furniture/oak_purple_simple_bed": {
    "criteria": {
      "has_bed": "2024-11-09 01:44:32 +0000"
    },
    "done": true
  },
  "pfm:recipes/root": {
    "criteria": {
      "has_planks": "2024-11-11 00:14:16 +0000"
    },
    "done": true
  },
  "pfm:recipes/pfm.furniture/concrete_kitchen_sink": {
    "criteria": {
      "has_planks": "2024-11-10 03:29:25 +0000"
    },
    "done": true
  },
  "pfm:recipes/pfm.furniture/spruce_table_log": {
    "criteria": {
      "has_log": "2024-11-12 22:10:46 +0000"
    },
    "done": true
  },
  "pfm:recipes/pfm.furniture/concrete_kitchen_wall_drawer": {
    "criteria": {
      "has_planks": "2024-11-10 03:29:25 +0000"
    },
    "done": true
  },
  "pfm:recipes/pfm.furniture/dark_oak_kitchen_sink": {
    "criteria": {
      "has_planks": "2024-11-11 00:14:16 +0000"
    },
    "done": true
  },
  "pfm:recipes/pfm.furniture/dark_oak_modern_stool": {
    "criteria": {
      "has_planks": "2024-11-11 00:14:16 +0000"
    },
    "done": true
  },
  "pfm:recipes/pfm.furniture/spruce_raw_table_log": {
    "criteria": {
      "has_log": "2024-11-11 00:07:01 +0000"
    },
    "done": true
  },
  "pfm:recipes/pfm.furniture/oak_kitchen_wall_small_drawer": {
    "criteria": {
      "has_planks": "2024-11-12 22:07:06 +0000"
    },
    "done": true
  },
  "minecraft:recipes/decorations/lantern": {
    "criteria": {
      "has_iron_ingot": "2024-11-12 21:58:09 +0000"
    },
    "done": true
  },
  "pfm:recipes/pfm.furniture/brown_simple_sofa": {
    "criteria": {
      "has_wool": "2024-11-09 03:08:25 +0000"
    },
    "done": true
  },
  "pfm:recipes/pfm.furniture/dark_wood_modern_stool": {
    "criteria": {
      "has_planks": "2024-11-11 00:21:35 +0000"
    },
    "done": true
  },
  "pfm:recipes/pfm.furniture/oak_table_modern_dinner": {
    "criteria": {
      "has_planks": "2024-11-12 22:07:06 +0000"
    },
    "done": true
  },
  "pfm:recipes/pfm.furniture/crimson_table_classic": {
    "criteria": {
      "has_planks": "2024-11-12 22:36:12 +0000"
    },
    "done": true
  },
  "securitycraft:recipes/securitycraft/reinforced_pink_stained_glass_pane_from_glass": {
    "criteria": {
      "has_glass": "2024-11-09 02:28:43 +0000"
    },
    "done": true
  },
  "pfm:recipes/pfm.furniture/quartz_table_natural": {
    "criteria": {
      "quartz_table_natural": "2024-11-11 00:21:35 +0000"
    },
    "done": true
  },
  "pfm:recipes/pfm.furniture/stripped_spruce_kitchen_wall_drawer": {
    "criteria": {
      "has_planks": "2024-11-12 22:07:00 +0000"
    },
    "done": true
  },
  "pfm:recipes/pfm.furniture/dark_wood_kitchen_wall_counter": {
    "criteria": {
      "has_planks": "2024-11-11 00:21:35 +0000"
    },
    "done": true
  },
  "pfm:recipes/pfm.furniture/warped_purple_simple_bed": {
    "criteria": {
      "has_bed": "2024-11-09 01:44:32 +0000"
    },
    "done": true
  },
  "minecraft:recipes/misc/diamond": {
    "criteria": {
      "has_diamond_block": "2024-11-09 02:27:15 +0000"
    },
    "done": true
  },
  "minecraft:recipes/misc/gold_nugget_from_smelting": {
    "criteria": {
      "has_golden_shovel": "2024-11-11 00:39:09 +0000"
    },
    "done": true
  },
  "pfm:recipes/pfm.furniture/dark_wood_classic_stool": {
    "criteria": {
      "has_planks": "2024-11-11 00:21:35 +0000"
    },
    "done": true
  },
  "pfm:recipes/pfm.furniture/quartz_modern_stool": {
    "criteria": {
      "has_planks": "2024-11-11 00:21:35 +0000"
    },
    "done": true
  },
  "securitycraft:recipes/securitycraft/reinforced_lime_stained_glass_pane_from_glass": {
    "criteria": {
      "has_glass": "2024-11-09 02:28:43 +0000"
    },
    "done": true
  },
  "pfm:recipes/pfm.furniture/stripped_spruce_kitchen_sink": {
    "criteria": {
      "has_planks": "2024-11-12 22:07:00 +0000"
    },
    "done": true
  },
  "securitycraft:recipes/securitycraft/alarm": {
    "criteria": {
      "has_redstone": "2024-11-09 01:24:40 +0000"
    },
    "done": true
  },
  "minecraft:recipes/tools/stone_axe": {
    "criteria": {
      "has_cobblestone": "2024-11-12 22:08:06 +0000"
    },
    "done": true
  },
  "securitycraft:recipes/securitycraft/reinforced_cyan_stained_glass_pane_from_glass": {
    "criteria": {
      "has_glass": "2024-11-09 02:28:43 +0000"
    },
    "done": true
  },
  "securitycraft:recipes/securitycraft/disguise_module": {
    "criteria": {
      "has_iron": "2024-11-12 21:58:09 +0000"
    },
    "done": true
  },
  "pfm:recipes/pfm.furniture/light_blue_arm_chair": {
    "criteria": {
      "has_wool": "2024-11-09 03:08:25 +0000"
    },
    "done": true
  },
  "minecraft:recipes/building_blocks/quartz_pillar": {
    "criteria": {
      "has_quartz_block": "2024-11-11 00:21:35 +0000"
    },
    "done": true
  },
  "pfm:recipes/pfm.furniture/stripped_spruce_kitchen_wall_small_drawer": {
    "criteria": {
      "has_planks": "2024-11-12 22:07:00 +0000"
    },
    "done": true
  },
  "pfm:recipes/pfm.furniture/crimson_kitchen_sink": {
    "criteria": {
      "has_planks": "2024-11-12 22:36:12 +0000"
    },
    "done": true
  },
  "pfm:recipes/pfm.furniture/magenta_arm_chair": {
    "criteria": {
      "has_wool": "2024-11-09 03:08:25 +0000"
    },
    "done": true
  },
  "pfm:recipes/pfm.furniture/blackstone_kitchen_cabinet": {
    "criteria": {
      "has_planks": "2024-11-12 22:36:12 +0000"
    },
    "done": true
  },
  "minecraft:recipes/building_blocks/cobblestone_stairs_from_cobblestone_stonecutting": {
    "criteria": {
      "has_cobblestone": "2024-11-12 22:08:06 +0000"
    },
    "done": true
  },
  "minecraft:recipes/building_blocks/magenta_concrete_powder": {
    "criteria": {
      "has_sand": "2024-11-11 01:48:27 +0000"
    },
    "done": true
  },
  "pfm:recipes/pfm.furniture/oak_purple_classic_bed": {
    "criteria": {
      "has_bed": "2024-11-09 01:44:32 +0000"
    },
    "done": true
  },
  "securitycraft:recipes/securitycraft/panic_button": {
    "criteria": {
      "has_redstone": "2024-11-09 01:24:40 +0000"
    },
    "done": true
  },
  "pfm:recipes/pfm.furniture/stone_table_basic": {
    "criteria": {
      "stone_table_basic": "2024-11-09 02:44:07 +0000"
    },
    "done": true
  },
  "pfm:recipes/pfm.furniture/crimson_kitchen_wall_counter": {
    "criteria": {
      "has_planks": "2024-11-12 22:36:12 +0000"
    },
    "done": true
  },
  "minecraft:recipes/misc/wheat": {
    "criteria": {
      "has_hay_block": "2024-11-12 22:23:33 +0000"
    },
    "done": true
  },
  "securitycraft:recipes/securitycraft/reinforced_green_stained_glass_pane_from_dye": {
    "criteria": {
      "has_glass": "2024-11-09 02:28:43 +0000"
    },
    "done": true
  },
  "minecraft:recipes/building_blocks/stone_brick_slab_from_stone_bricks_stonecutting": {
    "criteria": {
      "has_stone_bricks": "2024-11-09 00:47:47 +0000"
    },
    "done": true
  },
  "minecraft:recipes/building_blocks/smooth_stone": {
    "criteria": {
      "has_stone": "2024-11-09 02:44:07 +0000"
    },
    "done": true
  },
  "pfm:recipes/pfm.furniture/gray_mirror": {
    "criteria": {
      "has_gray_concrete": "2024-11-12 23:23:11 +0000"
    },
    "done": true
  },
  "pfm:recipes/pfm.furniture/gray_modern_pendant": {
    "criteria": {
      "has_gray_concrete": "2024-11-12 23:23:11 +0000"
    },
    "done": true
  },
  "securitycraft:recipes/securitycraft/reinforced_light_blue_stained_glass_pane_from_dye": {
    "criteria": {
      "has_glass": "2024-11-09 02:28:43 +0000"
    },
    "done": true
  },
  "minecraft:recipes/misc/iron_nugget": {
    "criteria": {
      "has_iron_ingot": "2024-11-12 21:58:09 +0000"
    },
    "done": true
  },
  "pfm:recipes/pfm.furniture/dark_oak_kitchen_counter_oven": {
    "criteria": {
      "has_planks": "2024-11-11 00:14:16 +0000"
    },
    "done": true
  },
  "minecraft:recipes/building_blocks/stone_slab_from_stone_stonecutting": {
    "criteria": {
      "has_stone": "2024-11-09 02:44:07 +0000"
    },
    "done": true
  },
  "minecraft:recipes/building_blocks/brown_concrete_powder": {
    "criteria": {
      "has_sand": "2024-11-11 01:48:27 +0000"
    },
    "done": true
  },
  "securitycraft:recipes/securitycraft/reinforced_red_stained_glass_pane_from_glass": {
    "criteria": {
      "has_glass": "2024-11-09 02:28:43 +0000"
    },
    "done": true
  },
  "pfm:recipes/pfm.furniture/dark_oak_kitchen_wall_drawer": {
    "criteria": {
      "has_planks": "2024-11-11 00:14:16 +0000"
    },
    "done": true
  },
  "pfm:recipes/pfm.furniture/stripped_spruce_chair_modern": {
    "criteria": {
      "has_planks": "2024-11-12 22:07:00 +0000"
    },
    "done": true
  },
  "pfm:recipes/pfm.furniture/dark_oak_kitchen_drawer": {
    "criteria": {
      "has_planks": "2024-11-11 00:14:16 +0000"
    },
    "done": true
  },
  "securitycraft:recipes/securitycraft/track_mine": {
    "criteria": {
      "has_iron": "2024-11-12 21:58:09 +0000"
    },
    "done": true
  },
  "pfm:recipes/pfm.furniture/purple_simple_sofa": {
    "criteria": {
      "has_wool": "2024-11-09 03:08:25 +0000"
    },
    "done": true
  },
  "minecraft:recipes/building_blocks/blue_stained_glass": {
    "criteria": {
      "has_glass": "2024-11-12 22:07:02 +0000"
    },
    "done": true
  },
  "pfm:recipes/pfm.furniture/dark_oak_table_basic": {
    "criteria": {
      "has_planks": "2024-11-11 00:14:16 +0000"
    },
    "done": true
  },
  "pfm:recipes/pfm.furniture/iron_microwave": {
    "criteria": {
      "has_iron_ingot": "2024-11-12 21:58:09 +0000"
    },
    "done": true
  },
  "minecraft:recipes/transportation/spruce_boat": {
    "criteria": {
      "in_water": "2024-11-09 01:30:55 +0000"
    },
    "done": true
  },
  "minecraft:recipes/building_blocks/cracked_stone_bricks": {
    "criteria": {
      "has_stone_bricks": "2024-11-09 00:47:47 +0000"
    },
    "done": true
  },
  "securitycraft:recipes/securitycraft/blacklist_module": {
    "criteria": {
      "has_iron": "2024-11-12 21:58:09 +0000"
    },
    "done": true
  },
  "securitycraft:recipes/securitycraft/speed_module": {
    "criteria": {
      "has_iron": "2024-11-12 21:58:09 +0000"
    },
    "done": true
  },
  "pfm:recipes/pfm.furniture/quartz_simple_stool": {
    "criteria": {
      "has_planks": "2024-11-11 00:21:35 +0000"
    },
    "done": true
  },
  "minecraft:recipes/building_blocks/quartz_stairs_from_quartz_block_stonecutting": {
    "criteria": {
      "has_quartz_block": "2024-11-11 00:21:35 +0000"
    },
    "done": true
  },
  "pfm:recipes/pfm.furniture/crimson_kitchen_counter_oven": {
    "criteria": {
      "has_planks": "2024-11-12 22:36:12 +0000"
    },
    "done": true
  },
  "securitycraft:recipes/securitycraft/reinforced_blue_stained_glass_pane_from_dye": {
    "criteria": {
      "has_glass": "2024-11-09 02:28:43 +0000"
    },
    "done": true
  },
  "securitycraft:recipes/securitycraft/harming_module": {
    "criteria": {
      "has_iron": "2024-11-12 21:58:09 +0000"
    },
    "done": true
  },
  "pfm:recipes/pfm.furniture/dark_wood_kitchen_drawer": {
    "criteria": {
      "has_planks": "2024-11-11 00:21:35 +0000"
    },
    "done": true
  },
  "pfm:recipes/pfm.furniture/oak_kitchen_wall_drawer": {
    "criteria": {
      "has_planks": "2024-11-12 22:07:06 +0000"
    },
    "done": true
  },
  "pfm:recipes/pfm.furniture/dark_oak_table_log": {
    "criteria": {
      "has_log": "2024-11-11 00:14:16 +0000"
    },
    "done": true
  },
  "securitycraft:recipes/securitycraft/keypad_frame": {
    "criteria": {
      "has_redstone": "2024-11-09 01:24:40 +0000"
    },
    "done": true
  },
  "pfm:recipes/pfm.furniture/stripped_spruce_table_modern_dinner": {
    "criteria": {
      "has_planks": "2024-11-12 22:07:00 +0000"
    },
    "done": true
  },
  "pfm:recipes/pfm.furniture/light_wood_chair_classic": {
    "criteria": {
      "light_wood_chair_classic": "2024-11-11 00:21:35 +0000"
    },
    "done": true
  },
  "pfm:recipes/pfm.furniture/spruce_chair_modern": {
    "criteria": {
      "has_planks": "2024-11-12 22:10:46 +0000"
    },
    "done": true
  },
  "securitycraft:recipes/securitycraft/reinforced_light_gray_stained_glass": {
    "criteria": {
      "has_glass": "2024-11-09 02:28:43 +0000"
    },
    "done": true
  },
  "minecraft:recipes/misc/bucket": {
    "criteria": {
      "has_iron_ingot": "2024-11-12 21:58:09 +0000"
    },
    "done": true
  },
  "pfm:recipes/pfm.furniture/smooth_stone_kitchen_counter_oven": {
    "criteria": {
      "has_planks": "2024-11-10 03:29:25 +0000"
    },
    "done": true
  },
  "minecraft:recipes/building_blocks/cobblestone_stairs": {
    "criteria": {
      "has_cobblestone": "2024-11-12 22:08:06 +0000"
    },
    "done": true
  },
  "pfm:recipes/pfm.furniture/spruce_kitchen_drawer": {
    "criteria": {
      "has_planks": "2024-11-12 22:10:46 +0000"
    },
    "done": true
  },
  "minecraft:recipes/building_blocks/stone_brick_stairs_from_stone_bricks_stonecutting": {
    "criteria": {
      "has_stone_bricks": "2024-11-09 00:47:47 +0000"
    },
    "done": true
  },
  "securitycraft:recipes/securitycraft/reinforced_light_blue_stained_glass_pane_from_glass": {
    "criteria": {
      "has_glass": "2024-11-09 02:28:43 +0000"
    },
    "done": true
  },
  "pfm:recipes/pfm.furniture/light_wood_table_natural": {
    "criteria": {
      "light_wood_table_natural": "2024-11-11 00:21:35 +0000"
    },
    "done": true
  },
  "minecraft:recipes/redstone/note_block": {
    "criteria": {
      "has_redstone": "2024-11-09 01:24:40 +0000"
    },
    "done": true
  },
  "pfm:recipes/pfm.furniture/acacia_purple_simple_bed": {
    "criteria": {
      "has_bed": "2024-11-09 01:44:32 +0000"
    },
    "done": true
  },
  "pfm:recipes/pfm.furniture/cyan_simple_sofa": {
    "criteria": {
      "has_wool": "2024-11-09 03:08:25 +0000"
    },
    "done": true
  },
  "pfm:recipes/pfm.furniture/white_stove": {
    "criteria": {
      "has_white_concrete": "2024-11-10 03:29:25 +0000"
    },
    "done": true
  },
  "securitycraft:recipes/securitycraft/redstone_module": {
    "criteria": {
      "has_iron": "2024-11-12 21:58:09 +0000"
    },
    "done": true
  },
  "pfm:recipes/pfm.furniture/stone_chair": {
    "criteria": {
      "stone_chair": "2024-11-09 02:44:07 +0000"
    },
    "done": true
  },
  "minecraft:recipes/building_blocks/light_blue_concrete_powder": {
    "criteria": {
      "has_sand": "2024-11-11 01:48:27 +0000"
    },
    "done": true
  },
  "pfm:recipes/pfm.furniture/white_modern_stool": {
    "criteria": {
      "has_planks": "2024-11-10 03:29:25 +0000"
    },
    "done": true
  },
  "cgm:recipes/cgm/machine_pistol": {
    "criteria": {
      "has_iron_ingot": "2024-11-13 23:56:26 +0000"
    },
    "done": true
  },
  "pfm:recipes/pfm.furniture/white_simple_sofa": {
    "criteria": {
      "has_wool": "2024-11-09 03:08:25 +0000"
    },
    "done": true
  },
  "pfm:recipes/pfm.furniture/stripped_spruce_table_dinner": {
    "criteria": {
      "has_planks": "2024-11-12 22:07:00 +0000"
    },
    "done": true
  },
  "minecraft:recipes/building_blocks/glass": {
    "criteria": {
      "has_sand": "2024-11-11 01:48:27 +0000"
    },
    "done": true
  },
  "minecraft:recipes/combat/iron_helmet": {
    "criteria": {
      "has_iron_ingot": "2024-11-12 21:58:09 +0000"
    },
    "done": true
  },
  "pfm:recipes/pfm.furniture/stone_kitchen_wall_small_drawer": {
    "criteria": {
      "has_planks": "2024-11-09 02:44:07 +0000"
    },
    "done": true
  },
  "pfm:recipes/pfm.furniture/spruce_chair_classic": {
    "criteria": {
      "has_planks": "2024-11-12 22:10:46 +0000"
    },
    "done": true
  },
  "pfm:recipes/pfm.furniture/oak_classic_nightstand": {
    "criteria": {
      "has_planks": "2024-11-12 22:07:06 +0000"
    },
    "done": true
  },
  "minecraft:recipes/redstone/oak_fence_gate": {
    "criteria": {
      "has_planks": "2024-11-12 22:07:06 +0000"
    },
    "done": true
  },
  "pfm:recipes/pfm.furniture/oak_raw_table_log": {
    "criteria": {
      "has_log": "2024-11-09 03:08:25 +0000"
    },
    "done": true
  },
  "pfm:recipes/pfm.furniture/stone_kitchen_wall_counter": {
    "criteria": {
      "has_planks": "2024-11-09 02:44:07 +0000"
    },
    "done": true
  },
  "pfm:recipes/pfm.furniture/crimson_table_basic": {
    "criteria": {
      "has_planks": "2024-11-12 22:36:12 +0000"
    },
    "done": true
  },
  "minecraft:recipes/building_blocks/purple_concrete_powder": {
    "criteria": {
      "has_sand": "2024-11-11 01:48:27 +0000"
    },
    "done": true
  },
  "pfm:recipes/pfm.furniture/dark_oak_table_modern_dinner": {
    "criteria": {
      "has_planks": "2024-11-11 00:14:16 +0000"
    },
    "done": true
  },
  "pfm:recipes/pfm.furniture/jungle_purple_classic_bed": {
    "criteria": {
      "has_bed": "2024-11-09 01:44:32 +0000"
    },
    "done": true
  },
  "pfm:recipes/pfm.furniture/crimson_kitchen_cabinet": {
    "criteria": {
      "has_planks": "2024-11-12 22:36:12 +0000"
    },
    "done": true
  },
  "pfm:recipes/pfm.furniture/magenta_simple_sofa": {
    "criteria": {
      "has_wool": "2024-11-09 03:08:25 +0000"
    },
    "done": true
  },
  "minecraft:story/mine_stone": {
    "criteria": {
      "get_stone": "2024-11-12 22:08:06 +0000"
    },
    "done": true
  },
  "pfm:recipes/pfm.furniture/blackstone_kitchen_drawer": {
    "criteria": {
      "has_planks": "2024-11-12 22:36:12 +0000"
    },
    "done": true
  },
  "securitycraft:recipes/securitycraft/reinforced_green_stained_glass_pane_from_glass": {
    "criteria": {
      "has_glass": "2024-11-09 02:28:43 +0000"
    },
    "done": true
  },
  "minecraft:recipes/redstone/target": {
    "criteria": {
      "has_redstone": "2024-11-09 01:24:40 +0000"
    },
    "done": true
  },
  "minecraft:recipes/transportation/minecart": {
    "criteria": {
      "has_iron_ingot": "2024-11-12 21:58:09 +0000"
    },
    "done": true
  },
  "minecraft:recipes/decorations/furnace": {
    "criteria": {
      "has_cobblestone": "2024-11-12 22:08:06 +0000"
    },
    "done": true
  },
  "pfm:recipes/pfm.furniture/crimson_simple_stool": {
    "criteria": {
      "has_planks": "2024-11-12 22:36:12 +0000"
    },
    "done": true
  },
  "pfm:recipes/pfm.furniture/dark_oak_purple_simple_bed": {
    "criteria": {
      "has_bed": "2024-11-09 01:44:32 +0000"
    },
    "done": true
  },
  "pfm:recipes/pfm.furniture/stripped_spruce_raw_table_log": {
    "criteria": {
      "has_log": "2024-11-12 22:07:00 +0000"
    },
    "done": true
  },
  "securitycraft:recipes/securitycraft/reinforced_gray_stained_glass_pane_from_glass": {
    "criteria": {
      "has_glass": "2024-11-09 02:28:43 +0000"
    },
    "done": true
  },
  "pfm:recipes/pfm.furniture/spruce_table_basic": {
    "criteria": {
      "has_planks": "2024-11-12 22:10:46 +0000"
    },
    "done": true
  },
  "minecraft:recipes/misc/charcoal": {
    "criteria": {
      "has_log": "2024-11-09 03:08:25 +0000"
    },
    "done": true
  },
  "minecraft:recipes/redstone/crimson_door": {
    "criteria": {
      "has_planks": "2024-11-12 22:36:12 +0000"
    },
    "done": true
  },
  "minecraft:recipes/tools/iron_hoe": {
    "criteria": {
      "has_iron_ingot": "2024-11-12 21:58:09 +0000"
    },
    "done": true
  },
  "securitycraft:recipes/securitycraft/reinforced_gray_stained_glass_pane_from_dye": {
    "criteria": {
      "has_glass": "2024-11-09 02:28:43 +0000"
    },
    "done": true
  },
  "pfm:recipes/pfm.furniture/stone_chair_modern": {
    "criteria": {
      "stone_chair_modern": "2024-11-09 02:44:07 +0000"
    },
    "done": true
  },
  "minecraft:recipes/building_blocks/stone_brick_slab": {
    "criteria": {
      "has_stone_bricks": "2024-11-09 00:47:47 +0000"
    },
    "done": true
  },
  "minecraft:recipes/redstone/redstone_torch": {
    "criteria": {
      "has_redstone": "2024-11-09 01:24:40 +0000"
    },
    "done": true
  },
  "minecraft:husbandry/root": {
    "criteria": {
      "consumed_item": "2024-11-09 02:14:12 +0000"
    },
    "done": true
  },
  "pfm:recipes/pfm.furniture/light_wood_kitchen_counter": {
    "criteria": {
      "has_planks": "2024-11-11 00:21:35 +0000"
    },
    "done": true
  },
  "pfm:recipes/pfm.furniture/black_arm_chair": {
    "criteria": {
      "has_wool": "2024-11-09 03:08:25 +0000"
    },
    "done": true
  },
  "minecraft:recipes/transportation/birch_boat": {
    "criteria": {
      "in_water": "2024-11-09 01:30:55 +0000"
    },
    "done": true
  },
  "pfm:recipes/pfm.furniture/orange_arm_chair": {
    "criteria": {
      "has_wool": "2024-11-09 03:08:25 +0000"
    },
    "done": true
  },
  "pfm:recipes/pfm.furniture/spruce_kitchen_counter": {
    "criteria": {
      "has_planks": "2024-11-12 22:10:46 +0000"
    },
    "done": true
  },
  "securitycraft:recipes/securitycraft/reinforced_brown_stained_glass_pane_from_dye": {
    "criteria": {
      "has_glass": "2024-11-09 02:28:43 +0000"
    },
    "done": true
  },
  "pfm:recipes/pfm.furniture/light_blue_simple_sofa": {
    "criteria": {
      "has_wool": "2024-11-09 03:08:25 +0000"
    },
    "done": true
  },
  "minecraft:recipes/building_blocks/green_concrete_powder": {
    "criteria": {
      "has_sand": "2024-11-11 01:48:27 +0000"
    },
    "done": true
  },
  "minecraft:recipes/tools/iron_shovel": {
    "criteria": {
      "has_iron_ingot": "2024-11-12 21:58:09 +0000"
    },
    "done": true
  },
  "minecraft:recipes/building_blocks/orange_stained_glass": {
    "criteria": {
      "has_glass": "2024-11-12 22:07:02 +0000"
    },
    "done": true
  },
  "pfm:recipes/pfm.furniture/light_wood_table_classic": {
    "criteria": {
      "light_wood_table_classic": "2024-11-11 00:21:35 +0000"
    },
    "done": true
  },
  "pfm:recipes/pfm.furniture/light_gray_arm_chair": {
    "criteria": {
      "has_wool": "2024-11-09 03:08:25 +0000"
    },
    "done": true
  },
  "pfm:recipes/pfm.furniture/dark_concrete_kitchen_wall_small_drawer": {
    "criteria": {
      "has_planks": "2024-11-12 23:23:11 +0000"
    },
    "done": true
  },
  "pfm:recipes/pfm.furniture/blackstone_kitchen_wall_drawer": {
    "criteria": {
      "has_planks": "2024-11-12 22:36:12 +0000"
    },
    "done": true
  },
  "minecraft:recipes/tools/clock": {
    "criteria": {
      "has_redstone": "2024-11-09 01:24:40 +0000"
    },
    "done": true
  },
  "minecraft:recipes/tools/stone_hoe": {
    "criteria": {
      "has_cobblestone": "2024-11-12 22:08:06 +0000"
    },
    "done": true
  },
  "minecraft:recipes/redstone/crimson_trapdoor": {
    "criteria": {
      "has_planks": "2024-11-12 22:36:12 +0000"
    },
    "done": true
  },
  "securitycraft:recipes/securitycraft/reinforced_yellow_stained_glass": {
    "criteria": {
      "has_glass": "2024-11-09 02:28:43 +0000"
    },
    "done": true
  },
  "pfm:recipes/pfm.furniture/dark_wood_kitchen_cabinet": {
    "criteria": {
      "has_planks": "2024-11-11 00:21:35 +0000"
    },
    "done": true
  },
  "minecraft:recipes/decorations/spruce_fence": {
    "criteria": {
      "has_planks": "2024-11-12 22:10:46 +0000"
    },
    "done": true
  },
  "minecraft:recipes/decorations/white_stained_glass_pane": {
    "criteria": {
      "has_glass": "2024-11-10 15:18:31 +0000"
    },
    "done": true
  },
  "minecraft:recipes/building_blocks/dark_oak_stairs": {
    "criteria": {
      "has_planks": "2024-11-11 00:14:16 +0000"
    },
    "done": true
  },
  "minecraft:recipes/decorations/red_glazed_terracotta": {
    "criteria": {
      "has_red_terracotta": "2024-11-09 21:45:55 +0000"
    },
    "done": true
  },
  "pfm:recipes/pfm.furniture/stripped_spruce_classic_stool": {
    "criteria": {
      "has_planks": "2024-11-12 22:07:00 +0000"
    },
    "done": true
  },
  "pfm:recipes/pfm.furniture/crimson_classic_nightstand": {
    "criteria": {
      "has_planks": "2024-11-12 22:36:12 +0000"
    },
    "done": true
  },
  "pfm:recipes/pfm.furniture/stripped_spruce_table_basic": {
    "criteria": {
      "has_planks": "2024-11-12 22:07:00 +0000"
    },
    "done": true
  },
  "minecraft:recipes/decorations/dark_oak_sign": {
    "criteria": {
      "has_dark_oak_planks": "2024-11-11 00:14:16 +0000"
    },
    "done": true
  },
  "minecraft:recipes/decorations/magenta_carpet_from_white_carpet": {
    "criteria": {
      "has_magenta_dye": "2024-11-11 00:10:16 +0000"
    },
    "done": true
  },
  "minecraft:recipes/building_blocks/spruce_stairs": {
    "criteria": {
      "has_planks": "2024-11-12 22:10:46 +0000"
    },
    "done": true
  },
  "pfm:recipes/pfm.furniture/stripped_spruce_kitchen_drawer": {
    "criteria": {
      "has_planks": "2024-11-12 22:07:00 +0000"
    },
    "done": true
  },
  "pfm:recipes/pfm.furniture/oak_kitchen_wall_counter": {
    "criteria": {
      "has_planks": "2024-11-12 22:07:06 +0000"
    },
    "done": true
  },
  "minecraft:recipes/decorations/glass_pane": {
    "criteria": {
      "has_glass": "2024-11-12 22:07:02 +0000"
    },
    "done": true
  },
  "minecraft:recipes/misc/lapis_lazuli": {
    "criteria": {
      "has_lapis_block": "2024-11-12 22:57:08 +0000"
    },
    "done": true
  },
  "minecraft:recipes/building_blocks/magenta_stained_glass": {
    "criteria": {
      "has_glass": "2024-11-12 22:07:02 +0000"
    },
    "done": true
  },
  "pfm:recipes/pfm.furniture/arm_chair_leather": {
    "criteria": {
      "has_wool": "2024-11-09 03:08:25 +0000"
    },
    "done": true
  },
  "pfm:recipes/pfm.furniture/dark_concrete_kitchen_drawer": {
    "criteria": {
      "has_planks": "2024-11-12 23:23:11 +0000"
    },
    "done": true
  },
  "pfm:recipes/pfm.furniture/dark_oak_kitchen_wall_counter": {
    "criteria": {
      "has_planks": "2024-11-11 00:14:16 +0000"
    },
    "done": true
  },
  "pfm:recipes/pfm.furniture/light_wood_table_basic": {
    "criteria": {
      "light_wood_table_basic": "2024-11-11 00:21:35 +0000"
    },
    "done": true
  },
  "pfm:recipes/pfm.furniture/oak_table_log": {
    "criteria": {
      "has_log": "2024-11-12 22:07:06 +0000"
    },
    "done": true
  },
  "pfm:recipes/pfm.furniture/gray_stove": {
    "criteria": {
      "has_gray_concrete": "2024-11-12 23:23:11 +0000"
    },
    "done": true
  },
  "minecraft:recipes/transportation/oak_boat": {
    "criteria": {
      "in_water": "2024-11-09 01:30:55 +0000"
    },
    "done": true
  },
  "pfm:recipes/pfm.furniture/yellow_simple_sofa": {
    "criteria": {
      "has_wool": "2024-11-09 03:08:25 +0000"
    },
    "done": true
  },
  "minecraft:recipes/decorations/anvil": {
    "criteria": {
      "has_iron_block": "2024-11-09 00:47:04 +0000"
    },
    "done": true
  },
  "securitycraft:recipes/securitycraft/secret_dark_oak_sign_item": {
    "criteria": {
      "has_sign": "2024-11-09 01:48:12 +0000"
    },
    "done": true
  },
  "pfm:recipes/pfm.furniture/glass_modern_pendant": {
    "criteria": {
      "has_white_stained_glass": "2024-11-10 15:18:31 +0000"
    },
    "done": true
  },
  "cgm:recipes/cgm/rifle": {
    "criteria": {
      "has_iron_ingot": "2024-11-13 23:56:26 +0000"
    },
    "done": true
  },
  "securitycraft:recipes/securitycraft/secret_crimson_sign_item": {
    "criteria": {
      "has_sign": "2024-11-09 01:48:12 +0000"
    },
    "done": true
  },
  "minecraft:recipes/building_blocks/cyan_concrete_powder": {
    "criteria": {
      "has_sand": "2024-11-11 01:48:27 +0000"
    },
    "done": true
  },
  "minecraft:recipes/building_blocks/stone_brick_stairs": {
    "criteria": {
      "has_stone_bricks": "2024-11-09 00:47:47 +0000"
    },
    "done": true
  },
  "securitycraft:recipes/securitycraft/claymore": {
    "criteria": {
      "has_redstone": "2024-11-09 01:24:40 +0000"
    },
    "done": true
  },
  "pfm:recipes/pfm.furniture/dark_wood_classic_nightstand": {
    "criteria": {
      "dark_wood_classic_nightstand": "2024-11-11 00:21:35 +0000"
    },
    "done": true
  },
  "minecraft:recipes/decorations/spruce_sign": {
    "criteria": {
      "has_spruce_planks": "2024-11-12 22:10:46 +0000"
    },
    "done": true
  },
  "securitycraft:recipes/securitycraft/keycard_lv2": {
    "criteria": {
      "has_iron": "2024-11-12 21:58:09 +0000"
    },
    "done": true
  },
  "securitycraft:recipes/securitycraft/keycard_lv1": {
    "criteria": {
      "has_iron": "2024-11-12 21:58:09 +0000"
    },
    "done": true
  },
  "securitycraft:recipes/securitycraft/reinforced_cyan_stained_glass": {
    "criteria": {
      "has_glass": "2024-11-09 02:28:43 +0000"
    },
    "done": true
  },
  "pfm:recipes/pfm.furniture/white_arm_chair": {
    "criteria": {
      "has_wool": "2024-11-09 03:08:25 +0000"
    },
    "done": true
  },
  "pfm:recipes/pfm.furniture/blue_arm_chair": {
    "criteria": {
      "has_wool": "2024-11-09 03:08:25 +0000"
    },
    "done": true
  },
  "minecraft:recipes/building_blocks/stone_bricks_from_stone_stonecutting": {
    "criteria": {
      "has_stone": "2024-11-09 02:44:07 +0000"
    },
    "done": true
  },
  "pfm:recipes/pfm.furniture/dark_oak_chair_modern": {
    "criteria": {
      "has_planks": "2024-11-11 00:14:16 +0000"
    },
    "done": true
  },
  "pfm:recipes/pfm.furniture/spruce_purple_simple_bed": {
    "criteria": {
      "has_bed": "2024-11-09 01:44:32 +0000"
    },
    "done": true
  },
  "pfm:recipes/pfm.furniture/dark_wood_kitchen_wall_drawer": {
    "criteria": {
      "has_planks": "2024-11-11 00:21:35 +0000"
    },
    "done": true
  },
  "pfm:recipes/pfm.furniture/stone_kitchen_counter": {
    "criteria": {
      "has_planks": "2024-11-09 02:44:07 +0000"
    },
    "done": true
  },
  "securitycraft:recipes/securitycraft/bouncing_betty": {
    "criteria": {
      "has_iron": "2024-11-12 21:58:09 +0000"
    },
    "done": true
  },
  "minecraft:recipes/decorations/stone_brick_wall_from_stone_bricks_stonecutting": {
    "criteria": {
      "has_stone_bricks": "2024-11-09 00:47:47 +0000"
    },
    "done": true
  },
  "pfm:recipes/pfm.furniture/red_arm_chair": {
    "criteria": {
      "has_wool": "2024-11-09 03:08:25 +0000"
    },
    "done": true
  },
  "pfm:recipes/pfm.furniture/smooth_stone_kitchen_drawer": {
    "criteria": {
      "has_planks": "2024-11-10 03:29:24 +0000"
    },
    "done": true
  },
  "minecraft:recipes/building_blocks/chiseled_stone_bricks_from_stone_bricks_stonecutting": {
    "criteria": {
      "has_stone_bricks": "2024-11-09 00:47:47 +0000"
    },
    "done": true
  },
  "pfm:recipes/pfm.furniture/spruce_kitchen_sink": {
    "criteria": {
      "has_planks": "2024-11-12 22:10:46 +0000"
    },
    "done": true
  },
  "securitycraft:recipes/securitycraft/reinforced_glass_pane": {
    "criteria": {
      "has_glass": "2024-11-09 02:28:43 +0000"
    },
    "done": true
  },
  "securitycraft:recipes/securitycraft/reinforced_brown_stained_glass_pane_from_glass": {
    "criteria": {
      "has_glass": "2024-11-09 02:28:43 +0000"
    },
    "done": true
  },
  "minecraft:recipes/building_blocks/white_stained_glass": {
    "criteria": {
      "has_glass": "2024-11-12 22:07:02 +0000"
    },
    "done": true
  },
  "pfm:recipes/pfm.furniture/oak_kitchen_drawer": {
    "criteria": {
      "has_planks": "2024-11-12 22:07:06 +0000"
    },
    "done": true
  },
  "minecraft:recipes/decorations/blue_glazed_terracotta": {
    "criteria": {
      "has_blue_terracotta": "2024-11-09 01:18:15 +0000"
    },
    "done": true
  },
  "securitycraft:recipes/securitycraft/sc_manual": {
    "criteria": {
      "has_wood": "2024-11-09 03:08:25 +0000"
    },
    "done": true
  },
  "securitycraft:recipes/securitycraft/keycard_lv4": {
    "criteria": {
      "has_iron": "2024-11-12 21:58:09 +0000"
    },
    "done": true
  },
  "securitycraft:recipes/securitycraft/keycard_lv3": {
    "criteria": {
      "has_iron": "2024-11-12 21:58:09 +0000"
    },
    "done": true
  },
  "minecraft:recipes/building_blocks/stone_slab": {
    "criteria": {
      "has_stone": "2024-11-09 02:44:07 +0000"
    },
    "done": true
  },
  "securitycraft:recipes/securitycraft/keycard_lv5": {
    "criteria": {
      "has_iron": "2024-11-12 21:58:09 +0000"
    },
    "done": true
  },
  "pfm:recipes/pfm.furniture/stone_table_modern_dinner": {
    "criteria": {
      "stone_table_modern_dinner": "2024-11-09 02:44:07 +0000"
    },
    "done": true
  },
  "pfm:recipes/pfm.furniture/dark_wood_table_basic": {
    "criteria": {
      "dark_wood_table_basic": "2024-11-11 00:21:35 +0000"
    },
    "done": true
  },
  "securitycraft:recipes/securitycraft/reinforced_yellow_stained_glass_pane_from_dye": {
    "criteria": {
      "has_glass": "2024-11-09 02:28:43 +0000"
    },
    "done": true
  },
  "pfm:recipes/pfm.furniture/white_fridge": {
    "criteria": {
      "has_white_concrete": "2024-11-10 03:29:24 +0000"
    },
    "done": true
  },
  "minecraft:recipes/misc/gold_nugget_from_blasting": {
    "criteria": {
      "has_golden_shovel": "2024-11-11 00:39:09 +0000"
    },
    "done": true
  },
  "pfm:recipes/pfm.furniture/stone_modern_stool": {
    "criteria": {
      "has_planks": "2024-11-09 02:44:07 +0000"
    },
    "done": true
  },
  "pfm:recipes/pfm.furniture/dark_oak_classic_nightstand": {
    "criteria": {
      "has_planks": "2024-11-11 00:14:16 +0000"
    },
    "done": true
  },
  "pfm:recipes/pfm.furniture/spruce_chair_dinner": {
    "criteria": {
      "has_planks": "2024-11-12 22:10:46 +0000"
    },
    "done": true
  },
  "minecraft:recipes/tools/stone_shovel": {
    "criteria": {
      "has_cobblestone": "2024-11-12 22:08:06 +0000"
    },
    "done": true
  },
  "pfm:recipes/pfm.furniture/spruce_kitchen_wall_small_drawer": {
    "criteria": {
      "has_planks": "2024-11-12 22:10:46 +0000"
    },
    "done": true
  },
  "minecraft:recipes/building_blocks/blue_concrete_powder": {
    "criteria": {
      "has_sand": "2024-11-11 01:48:27 +0000"
    },
    "done": true
  },
  "minecraft:recipes/misc/conduit": {
    "criteria": {
      "has_nautilus_core": "2024-11-12 21:58:10 +0000"
    },
    "done": true
  },
  "minecraft:recipes/building_blocks/cyan_stained_glass": {
    "criteria": {
      "has_glass": "2024-11-12 22:07:02 +0000"
    },
    "done": true
  },
  "pfm:recipes/pfm.furniture/spruce_kitchen_cabinet": {
    "criteria": {
      "has_planks": "2024-11-12 22:10:46 +0000"
    },
    "done": true
  },
  "pfm:recipes/pfm.furniture/concrete_kitchen_drawer": {
    "criteria": {
      "has_planks": "2024-11-10 03:29:25 +0000"
    },
    "done": true
  },
  "minecraft:recipes/building_blocks/spruce_slab": {
    "criteria": {
      "has_planks": "2024-11-12 22:10:46 +0000"
    },
    "done": true
  },
  "securitycraft:recipes/securitycraft/universal_block_reinforcer_lvl2": {
    "criteria": {
      "has_redstone": "2024-11-09 01:24:40 +0000"
    },
    "done": true
  },
  "pfm:recipes/pfm.furniture/blackstone_kitchen_wall_small_drawer": {
    "criteria": {
      "has_planks": "2024-11-12 22:36:12 +0000"
    },
    "done": true
  },
  "securitycraft:recipes/securitycraft/universal_block_reinforcer_lvl1": {
    "criteria": {
      "has_redstone": "2024-11-09 01:24:40 +0000"
    },
    "done": true
  },
  "securitycraft:recipes/securitycraft/reinforced_andesite": {
    "criteria": {
      "has_cobblestone": "2024-11-12 22:08:06 +0000"
    },
    "done": true
  },
  "securitycraft:recipes/securitycraft/universal_block_reinforcer_lvl3": {
    "criteria": {
      "has_redstone": "2024-11-09 01:24:40 +0000"
    },
    "done": true
  },
  "cgm:recipes/cgm/workbench": {
    "criteria": {
      "has_iron": "2024-11-13 23:56:26 +0000"
    },
    "done": true
  },
  "pfm:recipes/pfm.furniture/green_simple_sofa": {
    "criteria": {
      "has_wool": "2024-11-09 03:08:25 +0000"
    },
    "done": true
  },
  "pfm:recipes/pfm.furniture/stone_kitchen_drawer": {
    "criteria": {
      "has_planks": "2024-11-09 02:44:07 +0000"
    },
    "done": true
  },
  "pfm:recipes/pfm.furniture/spruce_kitchen_wall_drawer": {
    "criteria": {
      "has_planks": "2024-11-12 22:10:46 +0000"
    },
    "done": true
  },
  "securitycraft:recipes/securitycraft/reinforced_black_stained_glass": {
    "criteria": {
      "has_glass": "2024-11-09 02:28:43 +0000"
    },
    "done": true
  },
  "pfm:recipes/pfm.furniture/gray_freezer": {
    "criteria": {
      "has_gray_concrete": "2024-11-12 23:23:11 +0000"
    },
    "done": true
  },
  "minecraft:recipes/redstone/oak_pressure_plate": {
    "criteria": {
      "has_planks": "2024-11-12 22:07:06 +0000"
    },
    "done": true
  },
  "cgm:recipes/cgm/bazooka": {
    "criteria": {
      "has_iron_ingot": "2024-11-13 23:56:26 +0000"
    },
    "done": true
  },
  "securitycraft:recipes/securitycraft/laser_block": {
    "criteria": {
      "has_stone": "2024-11-09 02:44:07 +0000"
    },
    "done": true
  },
  "pfm:recipes/pfm.furniture/dark_wood_chair_modern": {
    "criteria": {
      "dark_wood_chair_modern": "2024-11-11 00:21:35 +0000"
    },
    "done": true
  },
  "cgm:recipes/cgm/shotgun": {
    "criteria": {
      "has_iron_ingot": "2024-11-13 23:56:26 +0000"
    },
    "done": true
  },
  "pfm:recipes/pfm.furniture/white_freezer": {
    "criteria": {
      "has_white_concrete": "2024-11-10 03:29:25 +0000"
    },
    "done": true
  },
  "minecraft:recipes/building_blocks/oak_wood": {
    "criteria": {
      "has_log": "2024-11-09 03:08:25 +0000"
    },
    "done": true
  },
  "pfm:recipes/pfm.furniture/stripped_spruce_kitchen_counter": {
    "criteria": {
      "has_planks": "2024-11-12 22:07:00 +0000"
    },
    "done": true
  },
  "minecraft:recipes/redstone/dropper": {
    "criteria": {
      "has_redstone": "2024-11-09 01:24:40 +0000"
    },
    "done": true
  },
  "pfm:recipes/pfm.furniture/stone_kitchen_sink": {
    "criteria": {
      "has_planks": "2024-11-09 02:44:07 +0000"
    },
    "done": true
  },
  "pfm:recipes/pfm.furniture/spruce_kitchen_wall_counter": {
    "criteria": {
      "has_planks": "2024-11-12 22:10:46 +0000"
    },
    "done": true
  },
  "pfm:recipes/pfm.furniture/crimson_chair": {
    "criteria": {
      "has_planks": "2024-11-12 22:36:12 +0000"
    },
    "done": true
  },
  "pfm:recipes/pfm.furniture/light_wood_kitchen_wall_drawer": {
    "criteria": {
      "has_planks": "2024-11-11 00:21:35 +0000"
    },
    "done": true
  },
  "pfm:recipes/pfm.furniture/crimson_table_stem": {
    "criteria": {
      "has_log": "2024-11-12 22:36:12 +0000"
    },
    "done": true
  },
  "pfm:recipes/pfm.furniture/oak_table_dinner": {
    "criteria": {
      "has_planks": "2024-11-12 22:07:06 +0000"
    },
    "done": true
  },
  "pfm:grant_book_on_first_join": {
    "criteria": {
      "tick": "2024-11-09 00:37:05 +0000"
    },
    "done": true
  },
  "securitycraft:recipes/securitycraft/reinforced_light_gray_stained_glass_pane_from_dye": {
    "criteria": {
      "has_glass": "2024-11-09 02:28:43 +0000"
    },
    "done": true
  },
  "pfm:recipes/pfm.furniture/oak_kitchen_counter_oven": {
    "criteria": {
      "has_planks": "2024-11-12 22:07:06 +0000"
    },
    "done": true
  },
  "minecraft:recipes/tools/compass": {
    "criteria": {
      "has_redstone": "2024-11-09 01:24:40 +0000"
    },
    "done": true
  },
  "securitycraft:recipes/securitycraft/secret_acacia_sign_item": {
    "criteria": {
      "has_sign": "2024-11-09 01:48:12 +0000"
    },
    "done": true
  },
  "pfm:recipes/pfm.furniture/light_wood_table_modern_dinner": {
    "criteria": {
      "light_wood_table_modern_dinner": "2024-11-11 00:21:35 +0000"
    },
    "done": true
  },
  "minecraft:recipes/redstone/oak_button": {
    "criteria": {
      "has_planks": "2024-11-12 22:07:06 +0000"
    },
    "done": true
  },
  "pfm:recipes/pfm.furniture/spruce_classic_stool": {
    "criteria": {
      "has_planks": "2024-11-12 22:10:46 +0000"
    },
    "done": true
  },
  "securitycraft:recipes/securitycraft/reinforced_magenta_stained_glass": {
    "criteria": {
      "has_glass": "2024-11-09 02:28:43 +0000"
    },
    "done": true
  },
  "pfm:recipes/pfm.furniture/oak_simple_bunk_ladder": {
    "criteria": {
      "has_planks": "2024-11-12 22:07:06 +0000"
    },
    "done": true
  },
  "minecraft:recipes/redstone/dark_oak_pressure_plate": {
    "criteria": {
      "has_planks": "2024-11-11 00:14:16 +0000"
    },
    "done": true
  },
  "securitycraft:recipes/securitycraft/reinforced_pink_stained_glass": {
    "criteria": {
      "has_glass": "2024-11-09 02:28:43 +0000"
    },
    "done": true
  },
  "pfm:recipes/pfm.furniture/stripped_spruce_kitchen_counter_oven": {
    "criteria": {
      "has_planks": "2024-11-12 22:07:00 +0000"
    },
    "done": true
  },
  "pfm:recipes/pfm.furniture/kitchen_stovetop": {
    "criteria": {
      "has_iron_ingot": "2024-11-12 21:58:09 +0000"
    },
    "done": true
  },
  "minecraft:recipes/decorations/lime_glazed_terracotta": {
    "criteria": {
      "has_lime_terracotta": "2024-11-09 03:16:45 +0000"
    },
    "done": true
  },
  "pfm:recipes/pfm.furniture/stone_classic_stool": {
    "criteria": {
      "has_planks": "2024-11-09 02:44:07 +0000"
    },
    "done": true
  },
  "pfm:recipes/pfm.furniture/light_wood_table_dinner": {
    "criteria": {
      "light_wood_table_dinner": "2024-11-11 00:21:35 +0000"
    },
    "done": true
  },
  "minecraft:recipes/redstone/iron_door": {
    "criteria": {
      "has_iron_ingot": "2024-11-12 21:58:09 +0000"
    },
    "done": true
  },
  "pfm:recipes/pfm.furniture/dark_wood_kitchen_counter_oven": {
    "criteria": {
      "has_planks": "2024-11-11 00:21:35 +0000"
    },
    "done": true
  },
  "securitycraft:recipes/securitycraft/reinforced_purple_stained_glass": {
    "criteria": {
      "has_glass": "2024-11-09 02:28:43 +0000"
    },
    "done": true
  },
  "pfm:recipes/pfm.furniture/stone_kitchen_cabinet": {
    "criteria": {
      "has_planks": "2024-11-09 02:44:07 +0000"
    },
    "done": true
  },
  "pfm:recipes/pfm.furniture/crimson_purple_classic_bed": {
    "criteria": {
      "has_bed": "2024-11-09 01:44:32 +0000"
    },
    "done": true
  },
  "pfm:recipes/pfm.furniture/dark_wood_table_natural": {
    "criteria": {
      "dark_wood_table_natural": "2024-11-11 00:21:35 +0000"
    },
    "done": true
  },
  "pfm:recipes/pfm.furniture/quartz_chair_modern": {
    "criteria": {
      "quartz_chair_modern": "2024-11-11 00:21:35 +0000"
    },
    "done": true
  },
  "pfm:recipes/pfm.furniture/red_simple_sofa": {
    "criteria": {
      "has_wool": "2024-11-09 03:08:25 +0000"
    },
    "done": true
  },
  "securitycraft:recipes/securitycraft/reinforced_pink_stained_glass_pane_from_dye": {
    "criteria": {
      "has_glass": "2024-11-09 02:28:43 +0000"
    },
    "done": true
  },
  "pfm:recipes/pfm.furniture/birch_purple_simple_bed": {
    "criteria": {
      "has_bed": "2024-11-09 01:44:32 +0000"
    },
    "done": true
  },
  "minecraft:recipes/redstone/oak_door": {
    "criteria": {
      "has_planks": "2024-11-12 22:07:06 +0000"
    },
    "done": true
  },
  "pfm:recipes/pfm.furniture/stone_kitchen_wall_drawer": {
    "criteria": {
      "has_planks": "2024-11-09 02:44:07 +0000"
    },
    "done": true
  },
  "pfm:recipes/pfm.furniture/smooth_stone_kitchen_counter": {
    "criteria": {
      "has_planks": "2024-11-10 03:29:25 +0000"
    },
    "done": true
  },
  "pfm:recipes/pfm.furniture/dark_oak_kitchen_wall_small_drawer": {
    "criteria": {
      "has_planks": "2024-11-11 00:14:16 +0000"
    },
    "done": true
  },
  "securitycraft:recipes/securitycraft/reinforced_lime_stained_glass_pane_from_dye": {
    "criteria": {
      "has_glass": "2024-11-09 02:28:43 +0000"
    },
    "done": true
  },
  "pfm:recipes/pfm.furniture/quartz_classic_stool": {
    "criteria": {
      "has_planks": "2024-11-11 00:21:35 +0000"
    },
    "done": true
  },
  "minecraft:recipes/transportation/jungle_boat": {
    "criteria": {
      "in_water": "2024-11-09 01:30:55 +0000"
    },
    "done": true
  },
  "cgm:recipes/cgm/pistol": {
    "criteria": {
      "has_iron_ingot": "2024-11-13 23:56:26 +0000"
    },
    "done": true
  },
  "minecraft:recipes/misc/iron_ingot_from_iron_block": {
    "criteria": {
      "has_iron_block": "2024-11-09 00:47:04 +0000"
    },
    "done": true
  },
  "minecraft:recipes/decorations/stone_brick_walls_from_stone_stonecutting": {
    "criteria": {
      "has_stone": "2024-11-09 02:44:07 +0000"
    },
    "done": true
  },
  "securitycraft:recipes/securitycraft/mine": {
    "criteria": {
      "has_iron": "2024-11-12 21:58:09 +0000"
    },
    "done": true
  },
  "pfm:recipes/pfm.furniture/jungle_raw_table_log": {
    "criteria": {
      "has_log": "2024-11-12 23:47:32 +0000"
    },
    "done": true
  },
  "pfm:recipes/pfm.furniture/dark_wood_table_classic": {
    "criteria": {
      "dark_wood_table_classic": "2024-11-11 00:21:35 +0000"
    },
    "done": true
  },
  "minecraft:recipes/redstone/heavy_weighted_pressure_plate": {
    "criteria": {
      "has_iron_ingot": "2024-11-12 21:58:09 +0000"
    },
    "done": true
  },
  "pfm:recipes/pfm.furniture/oak_chair_classic": {
    "criteria": {
      "has_planks": "2024-11-12 22:07:06 +0000"
    },
    "done": true
  },
  "minecraft:recipes/transportation/dark_oak_boat": {
    "criteria": {
      "in_water": "2024-11-09 01:30:55 +0000"
    },
    "done": true
  },
  "pfm:recipes/pfm.furniture/concrete_kitchen_cabinet": {
    "criteria": {
      "has_planks": "2024-11-10 03:29:25 +0000"
    },
    "done": true
  },
  "pfm:recipes/pfm.furniture/gray_dark_oak_modern_stool": {
    "criteria": {
      "has_planks": "2024-11-12 23:23:11 +0000"
    },
    "done": true
  },
  "pfm:recipes/pfm.furniture/stripped_spruce_chair_classic": {
    "criteria": {
      "has_planks": "2024-11-12 22:07:00 +0000"
    },
    "done": true
  },
  "pfm:recipes/pfm.furniture/basic_bathtub": {
    "criteria": {
      "has_quartz_block": "2024-11-11 00:21:35 +0000"
    },
    "done": true
  },
  "pfm:recipes/pfm.furniture/blackstone_kitchen_counter": {
    "criteria": {
      "has_planks": "2024-11-12 22:36:12 +0000"
    },
    "done": true
  },
  "pfm:recipes/pfm.furniture/crimson_table_modern_dinner": {
    "criteria": {
      "has_planks": "2024-11-12 22:36:12 +0000"
    },
    "done": true
  },
  "securitycraft:recipes/securitycraft/reinforced_white_stained_glass": {
    "criteria": {
      "has_glass": "2024-11-09 02:28:43 +0000"
    },
    "done": true
  },
  "minecraft:recipes/misc/mojang_banner_pattern": {
    "criteria": {
      "has_enchanted_golden_apple": "2024-11-11 00:33:04 +0000"
    },
    "done": true
  },
  "minecraft:recipes/redstone/piston": {
    "criteria": {
      "has_redstone": "2024-11-09 01:24:40 +0000"
    },
    "done": true
  },
  "securitycraft:recipes/securitycraft/briefcase": {
    "criteria": {
      "has_iron": "2024-11-12 21:58:09 +0000"
    },
    "done": true
  },
  "pfm:recipes/pfm.furniture/dark_oak_chair_classic": {
    "criteria": {
      "has_planks": "2024-11-11 00:14:16 +0000"
    },
    "done": true
  },
  "minecraft:recipes/building_blocks/stone_stairs": {
    "criteria": {
      "has_stone": "2024-11-09 02:44:07 +0000"
    },
    "done": true
  },
  "securitycraft:recipes/securitycraft/secret_birch_sign_item": {
    "criteria": {
      "has_sign": "2024-11-09 01:48:12 +0000"
    },
    "done": true
  },
  "minecraft:recipes/redstone/spruce_trapdoor": {
    "criteria": {
      "has_planks": "2024-11-12 22:10:46 +0000"
    },
    "done": true
  },
  "pfm:recipes/pfm.furniture/lime_arm_chair": {
    "criteria": {
      "has_wool": "2024-11-09 03:08:25 +0000"
    },
    "done": true
  },
  "pfm:recipes/pfm.furniture/spruce_chair": {
    "criteria": {
      "has_planks": "2024-11-12 22:10:46 +0000"
    },
    "done": true
  },
  "minecraft:recipes/building_blocks/stripped_spruce_wood": {
    "criteria": {
      "has_log": "2024-11-12 22:07:00 +0000"
    },
    "done": true
  },
  "pfm:recipes/pfm.furniture/gray_arm_chair": {
    "criteria": {
      "has_wool": "2024-11-09 03:08:25 +0000"
    },
    "done": true
  },
  "minecraft:recipes/decorations/dark_oak_fence": {
    "criteria": {
      "has_planks": "2024-11-11 00:14:16 +0000"
    },
    "done": true
  },
  "pfm:recipes/pfm.furniture/oak_chair_modern": {
    "criteria": {
      "has_planks": "2024-11-12 22:07:06 +0000"
    },
    "done": true
  },
  "pfm:recipes/pfm.furniture/smooth_stone_kitchen_wall_small_drawer": {
    "criteria": {
      "has_planks": "2024-11-10 03:29:25 +0000"
    },
    "done": true
  },
  "securitycraft:recipes/securitycraft/reinforced_fence_gate": {
    "criteria": {
      "has_iron": "2024-11-12 21:58:09 +0000"
    },
    "done": true
  },
  "pfm:recipes/pfm.furniture/light_wood_chair_modern": {
    "criteria": {
      "light_wood_chair_modern": "2024-11-11 00:21:35 +0000"
    },
    "done": true
  },
  "pfm:recipes/pfm.furniture/concrete_kitchen_counter_oven": {
    "criteria": {
      "has_planks": "2024-11-10 03:29:25 +0000"
    },
    "done": true
  },
  "pfm:recipes/pfm.furniture/smooth_stone_kitchen_wall_counter": {
    "criteria": {
      "has_planks": "2024-11-10 03:29:25 +0000"
    },
    "done": true
  },
  "minecraft:story/smelt_iron": {
    "criteria": {
      "iron": "2024-11-12 21:58:09 +0000"
    },
    "done": true
  },
  "securitycraft:recipes/securitycraft/secret_sign_item": {
    "criteria": {
      "has_sign": "2024-11-09 01:48:12 +0000"
    },
    "done": true
  },
  "pfm:recipes/pfm.furniture/dark_oak_chair": {
    "criteria": {
      "has_planks": "2024-11-11 00:14:16 +0000"
    },
    "done": true
  },
  "pfm:recipes/pfm.furniture/dark_concrete_kitchen_wall_counter": {
    "criteria": {
      "has_planks": "2024-11-12 23:23:11 +0000"
    },
    "done": true
  },
  "pfm:recipes/pfm.furniture/stripped_spruce_kitchen_cabinet": {
    "criteria": {
      "has_planks": "2024-11-12 22:07:00 +0000"
    },
    "done": true
  },
  "pfm:recipes/pfm.furniture/white_oven_range_hood": {
    "criteria": {
      "has_white_concrete": "2024-11-10 03:29:25 +0000"
    },
    "done": true
  },
  "minecraft:recipes/building_blocks/pink_stained_glass": {
    "criteria": {
      "has_glass": "2024-11-12 22:07:02 +0000"
    },
    "done": true
  },
  "pfm:recipes/pfm.furniture/crimson_classic_stool": {
    "criteria": {
      "has_planks": "2024-11-12 22:36:12 +0000"
    },
    "done": true
  },
  "pfm:recipes/pfm.furniture/spruce_modern_stool": {
    "criteria": {
      "has_planks": "2024-11-12 22:10:46 +0000"
    },
    "done": true
  },
  "DataVersion": 2586
}