{
  "pfm:recipes/pfm.furniture/granite_table_dinner": {
    "criteria": {
      "granite_table_dinner": "2024-11-10 23:44:24 +0000"
    },
    "done": true
  },
  "securitycraft:recipes/securitycraft/reinforced_purple_stained_glass_pane_from_dye": {
    "criteria": {
      "has_glass": "2024-11-10 23:24:17 +0000"
    },
    "done": true
  },
  "pfm:recipes/pfm.furniture/oak_chair": {
    "criteria": {
      "has_planks": "2024-11-10 23:48:13 +0000"
    },
    "done": true
  },
  "pfm:recipes/pfm.furniture/granite_table_modern_dinner": {
    "criteria": {
      "granite_table_modern_dinner": "2024-11-10 23:44:24 +0000"
    },
    "done": true
  },
  "pfm:recipes/pfm.furniture/granite_chair": {
    "criteria": {
      "granite_chair": "2024-11-10 23:44:24 +0000"
    },
    "done": true
  },
  "securitycraft:recipes/securitycraft/reinforced_cyan_stained_glass": {
    "criteria": {
      "has_glass": "2024-11-10 23:24:17 +0000"
    },
    "done": true
  },
  "pfm:recipes/pfm.furniture/granite_classic_nightstand": {
    "criteria": {
      "granite_classic_nightstand": "2024-11-10 23:44:24 +0000"
    },
    "done": true
  },
  "pfm:recipes/pfm.furniture/white_mirror": {
    "criteria": {
      "has_white_concrete": "2024-11-10 23:24:31 +0000"
    },
    "done": true
  },
  "securitycraft:recipes/securitycraft/reinforced_green_stained_glass_pane_from_dye": {
    "criteria": {
      "has_glass": "2024-11-10 23:24:17 +0000"
    },
    "done": true
  },
  "pfm:recipes/pfm.furniture/white_modern_pendant": {
    "criteria": {
      "has_white_concrete": "2024-11-10 23:24:31 +0000"
    },
    "done": true
  },
  "pfm:recipes/pfm.furniture/smooth_stone_kitchen_drawer": {
    "criteria": {
      "has_planks": "2024-11-10 23:24:31 +0000"
    },
    "done": true
  },
  "pfm:recipes/pfm.furniture/oak_simple_stool": {
    "criteria": {
      "has_planks": "2024-11-10 23:48:13 +0000"
    },
    "done": true
  },
  "minecraft:recipes/decorations/crafting_table": {
    "criteria": {
      "has_planks": "2024-11-10 23:48:13 +0000"
    },
    "done": true
  },
  "pfm:recipes/pfm.furniture/oak_kitchen_counter": {
    "criteria": {
      "has_planks": "2024-11-10 23:48:13 +0000"
    },
    "done": true
  },
  "minecraft:recipes/building_blocks/polished_granite_stairs": {
    "criteria": {
      "has_polished_granite": "2024-11-10 23:44:24 +0000"
    },
    "done": true
  },
  "securitycraft:recipes/securitycraft/reinforced_green_stained_glass": {
    "criteria": {
      "has_glass": "2024-11-10 23:24:17 +0000"
    },
    "done": true
  },
  "securitycraft:recipes/securitycraft/reinforced_red_stained_glass_pane_from_dye": {
    "criteria": {
      "has_glass": "2024-11-10 23:24:17 +0000"
    },
    "done": true
  },
  "securitycraft:recipes/securitycraft/reinforced_light_blue_stained_glass_pane_from_dye": {
    "criteria": {
      "has_glass": "2024-11-10 23:24:17 +0000"
    },
    "done": true
  },
  "pfm:recipes/pfm.furniture/granite_table_natural": {
    "criteria": {
      "granite_table_natural": "2024-11-10 23:44:24 +0000"
    },
    "done": true
  },
  "securitycraft:recipes/securitycraft/reinforced_glass_pane": {
    "criteria": {
      "has_glass": "2024-11-10 23:24:17 +0000"
    },
    "done": true
  },
  "securitycraft:recipes/securitycraft/reinforced_red_stained_glass_pane_from_glass": {
    "criteria": {
      "has_glass": "2024-11-10 23:24:17 +0000"
    },
    "done": true
  },
  "securitycraft:recipes/securitycraft/reinforced_brown_stained_glass_pane_from_glass": {
    "criteria": {
      "has_glass": "2024-11-10 23:24:17 +0000"
    },
    "done": true
  },
  "pfm:recipes/pfm.furniture/basic_plate": {
    "criteria": {
      "has_white_concrete": "2024-11-10 23:24:31 +0000"
    },
    "done": true
  },
  "securitycraft:recipes/securitycraft/reinforced_black_stained_glass_pane_from_dye": {
    "criteria": {
      "has_glass": "2024-11-10 23:24:17 +0000"
    },
    "done": true
  },
  "pfm:recipes/pfm.furniture/oak_kitchen_drawer": {
    "criteria": {
      "has_planks": "2024-11-10 23:48:13 +0000"
    },
    "done": true
  },
  "securitycraft:recipes/securitycraft/reinforced_black_stained_glass_pane_from_glass": {
    "criteria": {
      "has_glass": "2024-11-10 23:24:17 +0000"
    },
    "done": true
  },
  "pfm:recipes/pfm.furniture/granite_chair_classic": {
    "criteria": {
      "granite_chair_classic": "2024-11-10 23:44:24 +0000"
    },
    "done": true
  },
  "securitycraft:recipes/securitycraft/reinforced_orange_stained_glass": {
    "criteria": {
      "has_glass": "2024-11-10 23:24:17 +0000"
    },
    "done": true
  },
  "pfm:recipes/pfm.furniture/granite_classic_stool": {
    "criteria": {
      "has_planks": "2024-11-10 23:44:24 +0000"
    },
    "done": true
  },
  "securitycraft:recipes/securitycraft/reinforced_orange_stained_glass_pane_from_glass": {
    "criteria": {
      "has_glass": "2024-11-10 23:24:17 +0000"
    },
    "done": true
  },
  "minecraft:recipes/misc/stick": {
    "criteria": {
      "has_planks": "2024-11-10 23:48:13 +0000"
    },
    "done": true
  },
  "securitycraft:recipes/securitycraft/reinforced_yellow_stained_glass_pane_from_dye": {
    "criteria": {
      "has_glass": "2024-11-10 23:24:17 +0000"
    },
    "done": true
  },
  "pfm:recipes/pfm.furniture/white_fridge": {
    "criteria": {
      "has_white_concrete": "2024-11-10 23:24:31 +0000"
    },
    "done": true
  },
  "pfm:recipes/pfm.furniture/granite_modern_stool": {
    "criteria": {
      "has_planks": "2024-11-10 23:44:24 +0000"
    },
    "done": true
  },
  "securitycraft:recipes/securitycraft/reinforced_light_blue_stained_glass": {
    "criteria": {
      "has_glass": "2024-11-10 23:24:17 +0000"
    },
    "done": true
  },
  "pfm:recipes/pfm.furniture/smooth_stone_kitchen_sink": {
    "criteria": {
      "has_planks": "2024-11-10 23:24:31 +0000"
    },
    "done": true
  },
  "securitycraft:recipes/securitycraft/reinforced_blue_stained_glass_pane_from_dye": {
    "criteria": {
      "has_glass": "2024-11-10 23:24:17 +0000"
    },
    "done": true
  },
  "pfm:recipes/pfm.furniture/concrete_kitchen_drawer": {
    "criteria": {
      "has_planks": "2024-11-10 23:24:31 +0000"
    },
    "done": true
  },
  "pfm:recipes/pfm.furniture/oak_kitchen_wall_drawer": {
    "criteria": {
      "has_planks": "2024-11-10 23:48:13 +0000"
    },
    "done": true
  },
  "securitycraft:recipes/securitycraft/reinforced_light_gray_stained_glass": {
    "criteria": {
      "has_glass": "2024-11-10 23:24:17 +0000"
    },
    "done": true
  },
  "pfm:recipes/pfm.furniture/oak_chair_dinner": {
    "criteria": {
      "has_planks": "2024-11-10 23:48:13 +0000"
    },
    "done": true
  },
  "pfm:recipes/pfm.furniture/granite_table_classic": {
    "criteria": {
      "granite_table_classic": "2024-11-10 23:44:24 +0000"
    },
    "done": true
  },
  "securitycraft:recipes/securitycraft/reinforced_black_stained_glass": {
    "criteria": {
      "has_glass": "2024-11-10 23:24:17 +0000"
    },
    "done": true
  },
  "pfm:recipes/pfm.furniture/smooth_stone_kitchen_counter_oven": {
    "criteria": {
      "has_planks": "2024-11-10 23:24:31 +0000"
    },
    "done": true
  },
  "minecraft:recipes/redstone/oak_pressure_plate": {
    "criteria": {
      "has_planks": "2024-11-10 23:48:13 +0000"
    },
    "done": true
  },
  "securitycraft:recipes/securitycraft/reinforced_white_stained_glass_pane_from_glass": {
    "criteria": {
      "has_glass": "2024-11-10 23:24:17 +0000"
    },
    "done": true
  },
  "securitycraft:recipes/securitycraft/reinforced_light_blue_stained_glass_pane_from_glass": {
    "criteria": {
      "has_glass": "2024-11-10 23:24:17 +0000"
    },
    "done": true
  },
  "pfm:recipes/pfm.furniture/granite_chair_dinner": {
    "criteria": {
      "granite_chair_dinner": "2024-11-10 23:44:24 +0000"
    },
    "done": true
  },
  "securitycraft:recipes/securitycraft/laser_block": {
    "criteria": {
      "has_stone": "2024-11-10 23:44:24 +0000"
    },
    "done": true
  },
  "pfm:recipes/pfm.furniture/white_freezer": {
    "criteria": {
      "has_white_concrete": "2024-11-10 23:24:31 +0000"
    },
    "done": true
  },
  "securitycraft:recipes/securitycraft/reinforced_red_stained_glass": {
    "criteria": {
      "has_glass": "2024-11-10 23:24:17 +0000"
    },
    "done": true
  },
  "pfm:recipes/pfm.furniture/white_stove": {
    "criteria": {
      "has_white_concrete": "2024-11-10 23:24:31 +0000"
    },
    "done": true
  },
  "pfm:recipes/pfm.furniture/concrete_kitchen_wall_small_drawer": {
    "criteria": {
      "has_planks": "2024-11-10 23:24:31 +0000"
    },
    "done": true
  },
  "securitycraft:recipes/securitycraft/reinforced_lime_stained_glass": {
    "criteria": {
      "has_glass": "2024-11-10 23:24:17 +0000"
    },
    "done": true
  },
  "pfm:recipes/pfm.furniture/white_modern_stool": {
    "criteria": {
      "has_planks": "2024-11-10 23:24:31 +0000"
    },
    "done": true
  },
  "minecraft:recipes/decorations/oak_sign": {
    "criteria": {
      "has_oak_planks": "2024-11-10 23:48:13 +0000"
    },
    "done": true
  },
  "minecraft:recipes/redstone/oak_trapdoor": {
    "criteria": {
      "has_planks": "2024-11-10 23:48:13 +0000"
    },
    "done": true
  },
  "securitycraft:recipes/securitycraft/reinforced_blue_stained_glass_pane_from_glass": {
    "criteria": {
      "has_glass": "2024-11-10 23:24:17 +0000"
    },
    "done": true
  },
  "securitycraft:recipes/securitycraft/reinforced_blue_stained_glass": {
    "criteria": {
      "has_glass": "2024-11-10 23:24:17 +0000"
    },
    "done": true
  },
  "pfm:recipes/pfm.furniture/oak_classic_nightstand": {
    "criteria": {
      "has_planks": "2024-11-10 23:48:13 +0000"
    },
    "done": true
  },
  "pfm:recipes/pfm.furniture/oak_table_dinner": {
    "criteria": {
      "has_planks": "2024-11-10 23:48:13 +0000"
    },
    "done": true
  },
  "minecraft:recipes/redstone/oak_fence_gate": {
    "criteria": {
      "has_planks": "2024-11-10 23:48:13 +0000"
    },
    "done": true
  },
  "pfm:grant_book_on_first_join": {
    "criteria": {
      "tick": "2024-11-10 23:10:34 +0000"
    },
    "done": true
  },
  "minecraft:recipes/building_blocks/polished_granite_slab": {
    "criteria": {
      "has_polished_granite": "2024-11-10 23:44:24 +0000"
    },
    "done": true
  },
  "securitycraft:recipes/securitycraft/reinforced_brown_stained_glass": {
    "criteria": {
      "has_glass": "2024-11-10 23:24:17 +0000"
    },
    "done": true
  },
  "securitycraft:recipes/securitycraft/reinforced_light_gray_stained_glass_pane_from_dye": {
    "criteria": {
      "has_glass": "2024-11-10 23:24:17 +0000"
    },
    "done": true
  },
  "pfm:recipes/pfm.furniture/oak_kitchen_counter_oven": {
    "criteria": {
      "has_planks": "2024-11-10 23:48:13 +0000"
    },
    "done": true
  },
  "securitycraft:recipes/securitycraft/reinforced_white_stained_glass_pane_from_dye": {
    "criteria": {
      "has_glass": "2024-11-10 23:24:17 +0000"
    },
    "done": true
  },
  "pfm:recipes/pfm.furniture/granite_simple_stool": {
    "criteria": {
      "has_planks": "2024-11-10 23:44:24 +0000"
    },
    "done": true
  },
  "minecraft:recipes/redstone/oak_button": {
    "criteria": {
      "has_planks": "2024-11-10 23:48:13 +0000"
    },
    "done": true
  },
  "securitycraft:recipes/securitycraft/reinforced_orange_stained_glass_pane_from_dye": {
    "criteria": {
      "has_glass": "2024-11-10 23:24:17 +0000"
    },
    "done": true
  },
  "securitycraft:recipes/securitycraft/reinforced_magenta_stained_glass": {
    "criteria": {
      "has_glass": "2024-11-10 23:24:17 +0000"
    },
    "done": true
  },
  "pfm:recipes/pfm.furniture/oak_kitchen_sink": {
    "criteria": {
      "has_planks": "2024-11-10 23:48:13 +0000"
    },
    "done": true
  },
  "pfm:recipes/pfm.furniture/concrete_kitchen_wall_counter": {
    "criteria": {
      "has_planks": "2024-11-10 23:24:31 +0000"
    },
    "done": true
  },
  "pfm:recipes/pfm.furniture/oak_simple_bunk_ladder": {
    "criteria": {
      "has_planks": "2024-11-10 23:48:13 +0000"
    },
    "done": true
  },
  "minecraft:recipes/building_blocks/polished_granite_stairs_from_polished_granite_stonecutting": {
    "criteria": {
      "has_polished_granite": "2024-11-10 23:44:24 +0000"
    },
    "done": true
  },
  "pfm:recipes/pfm.furniture/oak_kitchen_cabinet": {
    "criteria": {
      "has_planks": "2024-11-10 23:48:13 +0000"
    },
    "done": true
  },
  "securitycraft:recipes/securitycraft/reinforced_green_stained_glass_pane_from_glass": {
    "criteria": {
      "has_glass": "2024-11-10 23:24:17 +0000"
    },
    "done": true
  },
  "pfm:recipes/pfm.furniture/oak_modern_stool": {
    "criteria": {
      "has_planks": "2024-11-10 23:48:13 +0000"
    },
    "done": true
  },
  "securitycraft:recipes/securitycraft/reinforced_pink_stained_glass": {
    "criteria": {
      "has_glass": "2024-11-10 23:24:17 +0000"
    },
    "done": true
  },
  "pfm:recipes/pfm.furniture/concrete_kitchen_counter": {
    "criteria": {
      "has_planks": "2024-11-10 23:24:31 +0000"
    },
    "done": true
  },
  "minecraft:adventure/adventuring_time": {
    "criteria": {
      "minecraft:mountains": "2024-11-10 23:23:25 +0000",
      "minecraft:warm_ocean": "2024-11-10 23:15:24 +0000",
      "minecraft:deep_lukewarm_ocean": "2024-11-10 23:14:30 +0000",
      "minecraft:beach": "2024-11-10 23:13:19 +0000",
      "minecraft:river": "2024-11-10 23:13:20 +0000",
      "minecraft:lukewarm_ocean": "2024-11-10 23:13:34 +0000",
      "minecraft:stone_shore": "2024-11-10 23:20:29 +0000",
      "minecraft:plains": "2024-11-10 23:10:34 +0000"
    },
    "done": false
  },
  "securitycraft:recipes/securitycraft/reinforced_gray_stained_glass_pane_from_glass": {
    "criteria": {
      "has_glass": "2024-11-10 23:24:17 +0000"
    },
    "done": true
  },
  "minecraft:adventure/sleep_in_bed": {
    "criteria": {
      "slept_in_bed": "2024-11-10 23:28:12 +0000"
    },
    "done": true
  },
  "securitycraft:recipes/securitycraft/reinforced_purple_stained_glass": {
    "criteria": {
      "has_glass": "2024-11-10 23:24:17 +0000"
    },
    "done": true
  },
  "pfm:recipes/pfm.furniture/granite_chair_modern": {
    "criteria": {
      "granite_chair_modern": "2024-11-10 23:44:24 +0000"
    },
    "done": true
  },
  "securitycraft:recipes/securitycraft/reinforced_gray_stained_glass_pane_from_dye": {
    "criteria": {
      "has_glass": "2024-11-10 23:24:17 +0000"
    },
    "done": true
  },
  "securitycraft:recipes/securitycraft/reinforced_purple_stained_glass_pane_from_glass": {
    "criteria": {
      "has_glass": "2024-11-10 23:24:17 +0000"
    },
    "done": true
  },
  "minecraft:recipes/building_blocks/oak_stairs": {
    "criteria": {
      "has_planks": "2024-11-10 23:48:13 +0000"
    },
    "done": true
  },
  "securitycraft:recipes/securitycraft/reinforced_brown_stained_glass_pane_from_dye": {
    "criteria": {
      "has_glass": "2024-11-10 23:24:17 +0000"
    },
    "done": true
  },
  "minecraft:recipes/decorations/barrel": {
    "criteria": {
      "has_planks": "2024-11-10 23:48:13 +0000"
    },
    "done": true
  },
  "securitycraft:recipes/securitycraft/reinforced_pink_stained_glass_pane_from_dye": {
    "criteria": {
      "has_glass": "2024-11-10 23:24:17 +0000"
    },
    "done": true
  },
  "pfm:recipes/pfm.furniture/oak_table_basic": {
    "criteria": {
      "has_planks": "2024-11-10 23:48:13 +0000"
    },
    "done": true
  },
  "minecraft:recipes/redstone/oak_door": {
    "criteria": {
      "has_planks": "2024-11-10 23:48:13 +0000"
    },
    "done": true
  },
  "pfm:recipes/pfm.furniture/smooth_stone_kitchen_counter": {
    "criteria": {
      "has_planks": "2024-11-10 23:24:31 +0000"
    },
    "done": true
  },
  "pfm:recipes/pfm.furniture/smooth_stone_kitchen_wall_drawer": {
    "criteria": {
      "has_planks": "2024-11-10 23:24:31 +0000"
    },
    "done": true
  },
  "securitycraft:recipes/securitycraft/reinforced_magenta_stained_glass_pane_from_glass": {
    "criteria": {
      "has_glass": "2024-11-10 23:24:17 +0000"
    },
    "done": true
  },
  "securitycraft:recipes/securitycraft/reinforced_lime_stained_glass_pane_from_dye": {
    "criteria": {
      "has_glass": "2024-11-10 23:24:17 +0000"
    },
    "done": true
  },
  "securitycraft:recipes/securitycraft/reinforced_magenta_stained_glass_pane_from_dye": {
    "criteria": {
      "has_glass": "2024-11-10 23:24:17 +0000"
    },
    "done": true
  },
  "pfm:recipes/pfm.furniture/smooth_stone_kitchen_cabinet": {
    "criteria": {
      "has_planks": "2024-11-10 23:24:31 +0000"
    },
    "done": true
  },
  "pfm:recipes/pfm.furniture/oak_chair_classic": {
    "criteria": {
      "has_planks": "2024-11-10 23:48:13 +0000"
    },
    "done": true
  },
  "securitycraft:recipes/securitycraft/reinforced_yellow_stained_glass": {
    "criteria": {
      "has_glass": "2024-11-10 23:24:17 +0000"
    },
    "done": true
  },
  "pfm:recipes/pfm.furniture/concrete_kitchen_cabinet": {
    "criteria": {
      "has_planks": "2024-11-10 23:24:31 +0000"
    },
    "done": true
  },
  "pfm:recipes/pfm.furniture/granite_table_basic": {
    "criteria": {
      "granite_table_basic": "2024-11-10 23:44:24 +0000"
    },
    "done": true
  },
  "minecraft:recipes/decorations/white_stained_glass_pane": {
    "criteria": {
      "has_glass": "2024-11-10 23:24:17 +0000"
    },
    "done": true
  },
  "minecraft:recipes/building_blocks/polished_granite_slab_from_polished_granite_stonecutting": {
    "criteria": {
      "has_polished_granite": "2024-11-10 23:44:24 +0000"
    },
    "done": true
  },
  "pfm:recipes/root": {
    "criteria": {
      "has_planks": "2024-11-10 23:48:13 +0000"
    },
    "done": true
  },
  "pfm:recipes/pfm.furniture/concrete_kitchen_sink": {
    "criteria": {
      "has_planks": "2024-11-10 23:24:31 +0000"
    },
    "done": true
  },
  "pfm:recipes/pfm.furniture/oak_table_classic": {
    "criteria": {
      "has_planks": "2024-11-10 23:48:13 +0000"
    },
    "done": true
  },
  "pfm:recipes/pfm.furniture/concrete_kitchen_wall_drawer": {
    "criteria": {
      "has_planks": "2024-11-10 23:24:31 +0000"
    },
    "done": true
  },
  "securitycraft:recipes/securitycraft/reinforced_white_stained_glass": {
    "criteria": {
      "has_glass": "2024-11-10 23:24:17 +0000"
    },
    "done": true
  },
  "pfm:recipes/pfm.furniture/oak_kitchen_wall_small_drawer": {
    "criteria": {
      "has_planks": "2024-11-10 23:48:13 +0000"
    },
    "done": true
  },
  "securitycraft:recipes/securitycraft/reinforced_cyan_stained_glass_pane_from_dye": {
    "criteria": {
      "has_glass": "2024-11-10 23:24:17 +0000"
    },
    "done": true
  },
  "pfm:recipes/pfm.furniture/oak_table_modern_dinner": {
    "criteria": {
      "has_planks": "2024-11-10 23:48:13 +0000"
    },
    "done": true
  },
  "pfm:recipes/pfm.furniture/oak_kitchen_wall_counter": {
    "criteria": {
      "has_planks": "2024-11-10 23:48:13 +0000"
    },
    "done": true
  },
  "securitycraft:recipes/securitycraft/reinforced_pink_stained_glass_pane_from_glass": {
    "criteria": {
      "has_glass": "2024-11-10 23:24:17 +0000"
    },
    "done": true
  },
  "pfm:recipes/pfm.furniture/oak_chair_modern": {
    "criteria": {
      "has_planks": "2024-11-10 23:48:13 +0000"
    },
    "done": true
  },
  "pfm:recipes/pfm.furniture/smooth_stone_kitchen_wall_small_drawer": {
    "criteria": {
      "has_planks": "2024-11-10 23:24:31 +0000"
    },
    "done": true
  },
  "securitycraft:recipes/securitycraft/reinforced_lime_stained_glass_pane_from_glass": {
    "criteria": {
      "has_glass": "2024-11-10 23:24:17 +0000"
    },
    "done": true
  },
  "pfm:recipes/pfm.furniture/oak_table_log": {
    "criteria": {
      "has_log": "2024-11-10 23:48:13 +0000"
    },
    "done": true
  },
  "minecraft:recipes/decorations/oak_fence": {
    "criteria": {
      "has_planks": "2024-11-10 23:48:13 +0000"
    },
    "done": true
  },
  "pfm:recipes/pfm.furniture/concrete_kitchen_counter_oven": {
    "criteria": {
      "has_planks": "2024-11-10 23:24:31 +0000"
    },
    "done": true
  },
  "securitycraft:recipes/securitycraft/reinforced_light_gray_stained_glass_pane_from_glass": {
    "criteria": {
      "has_glass": "2024-11-10 23:24:17 +0000"
    },
    "done": true
  },
  "securitycraft:recipes/securitycraft/reinforced_yellow_stained_glass_pane_from_glass": {
    "criteria": {
      "has_glass": "2024-11-10 23:24:17 +0000"
    },
    "done": true
  },
  "pfm:recipes/pfm.furniture/smooth_stone_kitchen_wall_counter": {
    "criteria": {
      "has_planks": "2024-11-10 23:24:31 +0000"
    },
    "done": true
  },
  "securitycraft:recipes/securitycraft/reinforced_cyan_stained_glass_pane_from_glass": {
    "criteria": {
      "has_glass": "2024-11-10 23:24:17 +0000"
    },
    "done": true
  },
  "minecraft:recipes/building_blocks/oak_slab": {
    "criteria": {
      "has_planks": "2024-11-10 23:48:13 +0000"
    },
    "done": true
  },
  "pfm:recipes/pfm.furniture/glass_modern_pendant": {
    "criteria": {
      "has_white_stained_glass": "2024-11-10 23:24:17 +0000"
    },
    "done": true
  },
  "pfm:recipes/pfm.furniture/white_oven_range_hood": {
    "criteria": {
      "has_white_concrete": "2024-11-10 23:24:31 +0000"
    },
    "done": true
  },
  "securitycraft:recipes/securitycraft/reinforced_gray_stained_glass": {
    "criteria": {
      "has_glass": "2024-11-10 23:24:17 +0000"
    },
    "done": true
  },
  "pfm:recipes/pfm.furniture/oak_classic_stool": {
    "criteria": {
      "has_planks": "2024-11-10 23:48:13 +0000"
    },
    "done": true
  },
  "DataVersion": 2586
}