{
  "pfm:grant_book_on_first_join": {
    "criteria": {
      "tick": "2024-11-10 23:10:34 +0000"
    },
    "done": true
  },
  "minecraft:adventure/adventuring_time": {
    "criteria": {
      "minecraft:warm_ocean": "2024-11-10 23:15:24 +0000",
      "minecraft:deep_lukewarm_ocean": "2024-11-10 23:14:30 +0000",
      "minecraft:beach": "2024-11-10 23:13:19 +0000",
      "minecraft:river": "2024-11-10 23:13:20 +0000",
      "minecraft:lukewarm_ocean": "2024-11-10 23:13:34 +0000",
      "minecraft:plains": "2024-11-10 23:10:34 +0000"
    },
    "done": false
  },
  "DataVersion": 2586
}